Workbook

Sheet Данные
A1: ФИО менеджера | B1: ФИО клиента | C1: Дата сделки | D1: Сумма сделки | E1: NPS
A2: Белов Алексей Константинович | B2: Новикова Людмила Кирилловна | C2: 2023-09-01 | D2: 52260 | E2: 9
A3: Сидорова Елена Васильевна | B3: Волков Владимир Артемович | C3: 2023-09-04 | D3: 32372 | E3: 7
A4: Кузнецов Дмитрий Львович | B4: Смирнова Валерия Станиславовна | C4: 2023-09-04 | D4: 51312 | E4: 6
A5: Орлов Павел Денисович | B5: Алексеева Полина Викторовна | C5: 2023-09-04 | D5: 37796 | E5: 6
A6: Кузнецов Дмитрий Львович | B6: Петров Михаил Павлович | C6: 2023-09-04 | D6: 34852 | E6: 8
A7: Семенова Ирина Валерьевна | B7: Иванова Виктория Артемовна | C7: 2023-09-04 | D7: 53965 | E7: 6
A8: Белов Алексей Константинович | B8: Попова Светлана Геннадьевна | C8: 2023-09-04 | D8: 40844 | E8: 7
A9: Петров Владимир Кириллович | B9: Семенов Михаил Сергеевич | C9: 2023-09-04 | D9: 36221 | E9: 6
A10: Яковлев Артем Игоревич | B10: Смирнова Елена Олеговна | C10: 2023-09-05 | D10: 53891 | E10: 1
A11: Орлов Павел Денисович | B11: Степанова Людмила Ивановна | C11: 2023-09-05 | D11: 64414 | E11: 2
A12: Сидорова Елена Васильевна | B12: Федорова Екатерина Владимировна | C12: 2023-09-05 | D12: 64671 | E12: 7
A13: Ткаченко Андрей Олегович | B13: Семенов Михаил Сергеевич | C13: 2023-09-05 | D13: 90516 | E13: 7
... A1001: Фролов Сергей Викторович | B1001: Иванов Артем Павлович | C1001: 2024-09-02 | D1001: 59008 | E1001: 7

Sheet 1
A1: ФИО менеджера | D1: ФИО менеджера | E1: ФИО клиента | F1: Первый проект | G1: Последний проект | H1: Дни | J1: Менеджер Клиент | K1: ФИО менеджера | L1: ФИО клиента | M1: Дата сделки | N1: М&К | O1: ФИО менеджера | P1: ФИО клиента | Q1: Дата сделки
A2: Белов Алексей Константинович | D2: Белов Алексей Константинович | E2: Алексеев Егор Юрьевич | F2: =VLOOKUP(D2&E2,J:M,4,0) -> 2024-03-04 | G2: =VLOOKUP(D2&E2,N:Q,4,0) -> 2024-03-04 | H2: =G2-F2 -> 0 | J2: =K2&L2 -> Белов Алексей КонстантиновичНовикова Людмила Кирилловна | K2: Белов Алексей Константинович | L2: Новикова Людмила Кирилловна | M2: 2023-09-01 | N2: =O2&P2 -> Фролов Сергей ВикторовичПопов Иван Егорович | O2: Фролов Сергей Викторович | P2: Попов Иван Егорович | Q2: 2024-09-02
A3: Громова Мария Ильинична | D3: Белов Алексей Константинович | E3: Алексеев Михаил Алексеевич | F3: =VLOOKUP(D3&E3,J:M,4,0) -> 2024-03-11 | G3: =VLOOKUP(D3&E3,N:Q,4,0) -> 2024-03-11 | H3: =G3-F3 -> 0 | J3: =K3&L3 -> Сидорова Елена ВасильевнаВолков Владимир Артемович | K3: Сидорова Елена Васильевна | L3: Волков Владимир Артемович | M3: 2023-09-04 | N3: =O3&P3 -> Новикова Ольга ПетровнаЕгорова Юлия Никитична | O3: Новикова Ольга Петровна | P3: Егорова Юлия Никитична | Q3: 2024-09-02
A4: Иванова Анна Сергеевна | D4: Белов Алексей Константинович | E4: Алексеев Никита Алексеевич | F4: =VLOOKUP(D4&E4,J:M,4,0) -> 2024-05-15 | G4: =VLOOKUP(D4&E4,N:Q,4,0) -> 2024-05-15 | H4: =G4-F4 -> 0 | J4: =K4&L4 -> Кузнецов Дмитрий ЛьвовичСмирнова Валерия Станиславовна | K4: Кузнецов Дмитрий Львович | L4: Смирнова Валерия Станиславовна | M4: 2023-09-04 | N4: =O4&P4 -> Фролов Сергей ВикторовичПетров Никита Павлович | O4: Фролов Сергей Викторович | P4: Петров Никита Павлович | Q4: 2024-09-02
A5: Кузнецов Дмитрий Львович | D5: Белов Алексей Константинович | E5: Алексеева Ольга Дмитриевна | F5: =VLOOKUP(D5&E5,J:M,4,0) -> 2024-02-26 | G5: =VLOOKUP(D5&E5,N:Q,4,0) -> 2024-02-26 | H5: =G5-F5 -> 0 | J5: =K5&L5 -> Орлов Павел ДенисовичАлексеева Полина Викторовна | K5: Орлов Павел Денисович | L5: Алексеева Полина Викторовна | M5: 2023-09-04 | N5: =O5&P5 -> Петров Владимир КирилловичСидоров Егор Павлович | O5: Петров Владимир Кириллович | P5: Сидоров Егор Павлович | Q5: 2024-09-02
A6: Новикова Ольга Петровна | D6: Белов Алексей Константинович | E6: Васильев Егор Павлович | F6: =VLOOKUP(D6&E6,J:M,4,0) -> 2024-03-28 | G6: =VLOOKUP(D6&E6,N:Q,4,0) -> 2024-06-17 | H6: =G6-F6 -> 81 | J6: =K6&L6 -> Кузнецов Дмитрий ЛьвовичПетров Михаил Павлович | K6: Кузнецов Дмитрий Львович | L6: Петров Михаил Павлович | M6: 2023-09-04 | N6: =O6&P6 -> Фролов Сергей ВикторовичИванов Артем Павлович | O6: Фролов Сергей Викторович | P6: Иванов Артем Павлович | Q6: 2024-09-02
A7: Орлов Павел Денисович | D7: Белов Алексей Константинович | E7: Васильев Илья Алексеевич | F7: =VLOOKUP(D7&E7,J:M,4,0) -> 2024-04-25 | G7: =VLOOKUP(D7&E7,N:Q,4,0) -> 2024-04-25 | H7: =G7-F7 -> 0 | J7: =K7&L7 -> Семенова Ирина ВалерьевнаИванова Виктория Артемовна | K7: Семенова Ирина Валерьевна | L7: Иванова Виктория Артемовна | M7: 2023-09-04 | N7: =O7&P7 -> Яковлев Артем ИгоревичЕгорова Татьяна Ильинична | O7: Яковлев Артем Игоревич | P7: Егорова Татьяна Ильинична | Q7: 2024-08-30
A8: Петров Владимир Кириллович | D8: Белов Алексей Константинович | E8: Васильев Матвей Кириллович | F8: =VLOOKUP(D8&E8,J:M,4,0) -> 2024-01-17 | G8: =VLOOKUP(D8&E8,N:Q,4,0) -> 2024-01-17 | H8: =G8-F8 -> 0 | J8: =K8&L8 -> Белов Алексей КонстантиновичПопова Светлана Геннадьевна | K8: Белов Алексей Константинович | L8: Попова Светлана Геннадьевна | M8: 2023-09-04 | N8: =O8&P8 -> Семенова Ирина ВалерьевнаСидорова Ирина Кирилловна | O8: Семенова Ирина Валерьевна | P8: Сидорова Ирина Кирилловна | Q8: 2024-08-30
A9: Семенова Ирина Валерьевна | D9: Белов Алексей Константинович | E9: Васильева Виктория Артемовна | F9: =VLOOKUP(D9&E9,J:M,4,0) -> 2024-02-27 | G9: =VLOOKUP(D9&E9,N:Q,4,0) -> 2024-02-27 | H9: =G9-F9 -> 0 | J9: =K9&L9 -> Петров Владимир КирилловичСеменов Михаил Сергеевич | K9: Петров Владимир Кириллович | L9: Семенов Михаил Сергеевич | M9: 2023-09-04 | N9: =O9&P9 -> Иванова Анна СергеевнаПопова Наталья Станиславовна | O9: Иванова Анна Сергеевна | P9: Попова Наталья Станиславовна | Q9: 2024-08-29
A10: Сидорова Елена Васильевна | D10: Белов Алексей Константинович | E10: Васильева Елена Андреевна | F10: =VLOOKUP(D10&E10,J:M,4,0) -> 2023-10-23 | G10: =VLOOKUP(D10&E10,N:Q,4,0) -> 2024-04-15 | H10: =G10-F10 -> 175 | J10: =K10&L10 -> Яковлев Артем ИгоревичСмирнова Елена Олеговна | K10: Яковлев Артем Игоревич | L10: Смирнова Елена Олеговна | M10: 2023-09-05 | N10: =O10&P10 -> Петров Владимир КирилловичНиколаева Анна Михайловна | O10: Петров Владимир Кириллович | P10: Николаева Анна Михайловна | Q10: 2024-08-29
A11: Ткаченко Андрей Олегович | D11: Белов Алексей Константинович | E11: Васильева Юлия Сергеевна | F11: =VLOOKUP(D11&E11,J:M,4,0) -> 2024-03-11 | G11: =VLOOKUP(D11&E11,N:Q,4,0) -> 2024-03-11 | H11: =G11-F11 -> 0 | J11: =K11&L11 -> Орлов Павел ДенисовичСтепанова Людмила Ивановна | K11: Орлов Павел Денисович | L11: Степанова Людмила Ивановна | M11: 2023-09-05 | N11: =O11&P11 -> Яковлев Артем ИгоревичЕгорова Мария Кирилловна | O11: Яковлев Артем Игоревич | P11: Егорова Мария Кирилловна | Q11: 2024-08-29
A12: Фролов Сергей Викторович | D12: Белов Алексей Константинович | E12: Волков Владимир Артемович | F12: =VLOOKUP(D12&E12,J:M,4,0) -> 2023-11-03 | G12: =VLOOKUP(D12&E12,N:Q,4,0) -> 2023-11-03 | H12: =G12-F12 -> 0 | J12: =K12&L12 -> Сидорова Елена ВасильевнаФедорова Екатерина Владимировна | K12: Сидорова Елена Васильевна | L12: Федорова Екатерина Владимировна | M12: 2023-09-05 | N12: =O12&P12 -> Сидорова Елена ВасильевнаСтепанова Анна Романовна | O12: Сидорова Елена Васильевна | P12: Степанова Анна Романовна | Q12: 2024-08-29
A13: Яковлев Артем Игоревич | D13: Белов Алексей Константинович | E13: Волков Павел Иванович | F13: =VLOOKUP(D13&E13,J:M,4,0) -> 2024-04-04 | G13: =VLOOKUP(D13&E13,N:Q,4,0) -> 2024-08-02 | H13: =G13-F13 -> 120 | J13: =K13&L13 -> Ткаченко Андрей ОлеговичСеменов Михаил Сергеевич | K13: Ткаченко Андрей Олегович | L13: Семенов Михаил Сергеевич | M13: 2023-09-05 | N13: =O13&P13 -> Орлов Павел ДенисовичВасильев Егор Павлович | O13: Орлов Павел Денисович | P13: Васильев Егор Павлович | Q13: 2024-08-29
D14: Белов Алексей Константинович | E14: Волкова Светлана Ивановна | F14: =VLOOKUP(D14&E14,J:M,4,0) -> 2024-08-02 | G14: =VLOOKUP(D14&E14,N:Q,4,0) -> 2024-08-02 | H14: =G14-F14 -> 0 | J14: =K14&L14 -> Семенова Ирина ВалерьевнаВасильева Елена Андреевна | K14: Семенова Ирина Валерьевна | L14: Васильева Елена Андреевна | M14: 2023-09-05 | N14: =O14&P14 -> Новикова Ольга ПетровнаФедорова Людмила Сергеевна | O14: Новикова Ольга Петровна | P14: Федорова Людмила Сергеевна | Q14: 2024-08-28
D15: Белов Алексей Константинович | E15: Волкова София Александровна | F15: =VLOOKUP(D15&E15,J:M,4,0) -> 2024-02-21 | G15: =VLOOKUP(D15&E15,N:Q,4,0) -> 2024-02-21 | H15: =G15-F15 -> 0 | J15: =K15&L15 -> Ткаченко Андрей ОлеговичСмирнова Екатерина Ивановна | K15: Ткаченко Андрей Олегович | L15: Смирнова Екатерина Ивановна | M15: 2023-09-05 | N15: =O15&P15 -> Семенова Ирина ВалерьевнаАлексеева Светлана Артемовна | O15: Семенова Ирина Валерьевна | P15: Алексеева Светлана Артемовна | Q15: 2024-08-28
D16: Белов Алексей Константинович | E16: Егоров Илья Андреевич | F16: =VLOOKUP(D16&E16,J:M,4,0) -> 2023-11-30 | G16: =VLOOKUP(D16&E16,N:Q,4,0) -> 2024-07-08 | H16: =G16-F16 -> 221 | J16: =K16&L16 -> Новикова Ольга ПетровнаКузнецов Егор Андреевич | K16: Новикова Ольга Петровна | L16: Кузнецов Егор Андреевич | M16: 2023-09-06 | N16: =O16&P16 -> Яковлев Артем ИгоревичАлексеева Мария Олеговна | O16: Яковлев Артем Игоревич | P16: Алексеева Мария Олеговна | Q16: 2024-08-28
D17: Белов Алексей Константинович | E17: Егоров Никита Олегович | F17: =VLOOKUP(D17&E17,J:M,4,0) -> 2024-06-11 | G17: =VLOOKUP(D17&E17,N:Q,4,0) -> 2024-07-01 | H17: =G17-F17 -> 20 | J17: =K17&L17 -> Яковлев Артем ИгоревичОрлов Владимир Никитич | K17: Яковлев Артем Игоревич | L17: Орлов Владимир Никитич | M17: 2023-09-06 | N17: =O17&P17 -> Орлов Павел ДенисовичВасильев Егор Павлович | O17: Орлов Павел Денисович | P17: Васильев Егор Павлович | Q17: 2024-08-27
D18: Белов Алексей Константинович | E18: Егорова Юлия Никитична | F18: =VLOOKUP(D18&E18,J:M,4,0) -> 2024-07-17 | G18: =VLOOKUP(D18&E18,N:Q,4,0) -> 2024-07-17 | H18: =G18-F18 -> 0 | J18: =K18&L18 -> Петров Владимир КирилловичНовикова София Ивановна | K18: Петров Владимир Кириллович | L18: Новикова София Ивановна | M18: 2023-09-06 | N18: =O18&P18 -> Кузнецов Дмитрий ЛьвовичЛебедев Дмитрий Дмитриевич | O18: Кузнецов Дмитрий Львович | P18: Лебедев Дмитрий Дмитриевич | Q18: 2024-08-26
D19: Белов Алексей Константинович | E19: Козлов Роман Егорович | F19: =VLOOKUP(D19&E19,J:M,4,0) -> 2023-12-07 | G19: =VLOOKUP(D19&E19,N:Q,4,0) -> 2023-12-07 | H19: =G19-F19 -> 0 | J19: =K19&L19 -> Новикова Ольга ПетровнаСмирнова Екатерина Ивановна | K19: Новикова Ольга Петровна | L19: Смирнова Екатерина Ивановна | M19: 2023-09-06 | N19: =O19&P19 -> Фролов Сергей ВикторовичПопов Роман Владимирович | O19: Фролов Сергей Викторович | P19: Попов Роман Владимирович | Q19: 2024-08-26
D20: Белов Алексей Константинович | E20: Козлова Александра Андреевна | F20: =VLOOKUP(D20&E20,J:M,4,0) -> 2024-03-05 | G20: =VLOOKUP(D20&E20,N:Q,4,0) -> 2024-03-05 | H20: =G20-F20 -> 0 | J20: =K20&L20 -> Новикова Ольга ПетровнаКозлова Александра Андреевна | K20: Новикова Ольга Петровна | L20: Козлова Александра Андреевна | M20: 2023-09-07 | N20: =O20&P20 -> Иванова Анна СергеевнаСмирнова Екатерина Геннадьевна | O20: Иванова Анна Сергеевна | P20: Смирнова Екатерина Геннадьевна | Q20: 2024-08-26
D21: Белов Алексей Константинович | E21: Козлова Наталья Романовна | F21: =VLOOKUP(D21&E21,J:M,4,0) -> 2024-07-17 | G21: =VLOOKUP(D21&E21,N:Q,4,0) -> 2024-07-17 | H21: =G21-F21 -> 0 | J21: =K21&L21 -> Кузнецов Дмитрий ЛьвовичНовиков Иван Павлович | K21: Кузнецов Дмитрий Львович | L21: Новиков Иван Павлович | M21: 2023-09-07 | N21: =O21&P21 -> Новикова Ольга ПетровнаИванов Никита Романович | O21: Новикова Ольга Петровна | P21: Иванов Никита Романович | Q21: 2024-08-26
D22: Белов Алексей Константинович | E22: Кузнецов Алексей Олегович | F22: =VLOOKUP(D22&E22,J:M,4,0) -> 2024-06-21 | G22: =VLOOKUP(D22&E22,N:Q,4,0) -> 2024-06-21 | H22: =G22-F22 -> 0 | J22: =K22&L22 -> Орлов Павел ДенисовичОрлов Иван Викторович | K22: Орлов Павел Денисович | L22: Орлов Иван Викторович | M22: 2023-09-07 | N22: =O22&P22 -> Новикова Ольга ПетровнаСеменов Матвей Михайлович | O22: Новикова Ольга Петровна | P22: Семенов Матвей Михайлович | Q22: 2024-08-26
D23: Белов Алексей Константинович | E23: Кузнецов Иван Ильич | F23: =VLOOKUP(D23&E23,J:M,4,0) -> 2024-08-19 | G23: =VLOOKUP(D23&E23,N:Q,4,0) -> 2024-08-19 | H23: =G23-F23 -> 0 | J23: =K23&L23 -> Фролов Сергей ВикторовичПавлов Михаил Андреевич | K23: Фролов Сергей Викторович | L23: Павлов Михаил Андреевич | M23: 2023-09-07 | N23: =O23&P23 -> Ткаченко Андрей ОлеговичПавлова Ксения Романовна | O23: Ткаченко Андрей Олегович | P23: Павлова Ксения Романовна | Q23: 2024-08-23
D24: Белов Алексей Константинович | E24: Кузнецов Кирилл Павлович | F24: =VLOOKUP(D24&E24,J:M,4,0) -> 2024-01-09 | G24: =VLOOKUP(D24&E24,N:Q,4,0) -> 2024-01-09 | H24: =G24-F24 -> 0 | J24: =K24&L24 -> Новикова Ольга ПетровнаЛебедев Михаил Кириллович | K24: Новикова Ольга Петровна | L24: Лебедев Михаил Кириллович | M24: 2023-09-08 | N24: =O24&P24 -> Семенова Ирина ВалерьевнаНовикова Людмила Кирилловна | O24: Семенова Ирина Валерьевна | P24: Новикова Людмила Кирилловна | Q24: 2024-08-22
D25: Белов Алексей Константинович | E25: Кузнецов Павел Викторович | F25: =VLOOKUP(D25&E25,J:M,4,0) -> 2024-02-20 | G25: =VLOOKUP(D25&E25,N:Q,4,0) -> 2024-02-20 | H25: =G25-F25 -> 0 | J25: =K25&L25 -> Семенова Ирина ВалерьевнаВолкова Анна Викторовна | K25: Семенова Ирина Валерьевна | L25: Волкова Анна Викторовна | M25: 2023-09-08 | N25: =O25&P25 -> Громова Мария ИльиничнаЛебедева Анна Олеговна | O25: Громова Мария Ильинична | P25: Лебедева Анна Олеговна | Q25: 2024-08-22
... D790: Яковлев Артем Игоревич | E790: Федорова Екатерина Владимировна | F790: =VLOOKUP(D790&E790,J:M,4,0) -> 2024-08-19 | G790: =VLOOKUP(D790&E790,N:Q,4,0) -> 2024-08-19 | H790: =G790-F790 -> 0 | J790: =K790&L790 -> Новикова Ольга ПетровнаПопов Роман Владимирович | K790: Новикова Ольга Петровна | L790: Попов Роман Владимирович | M790: 2024-06-18 | N790: =O790&P790 -> Сидорова Елена ВасильевнаИванова Ольга Дмитриевна | O790: Сидорова Елена Васильевна | P790: Иванова Ольга Дмитриевна | Q790: 2023-11-15
J791: =K791&L791 -> Сидорова Елена ВасильевнаНовикова София Ивановна | K791: Сидорова Елена Васильевна | L791: Новикова София Ивановна | M791: 2024-06-18 | N791: =O791&P791 -> Кузнецов Дмитрий ЛьвовичПопов Георгий Егорович | O791: Кузнецов Дмитрий Львович | P791: Попов Георгий Егорович | Q791: 2023-11-14
J792: =K792&L792 -> Яковлев Артем ИгоревичСмирнова Екатерина Геннадьевна | K792: Яковлев Артем Игоревич | L792: Смирнова Екатерина Геннадьевна | M792: 2024-06-18 | N792: =O792&P792 -> Петров Владимир КирилловичАлексеева Мария Олеговна | O792: Петров Владимир Кириллович | P792: Алексеева Мария Олеговна | Q792: 2023-11-14
J793: =K793&L793 -> Сидорова Елена ВасильевнаПетров Павел Юрьевич | K793: Сидорова Елена Васильевна | L793: Петров Павел Юрьевич | M793: 2024-06-18 | N793: =O793&P793 -> Новикова Ольга ПетровнаПетров Михаил Павлович | O793: Новикова Ольга Петровна | P793: Петров Михаил Павлович | Q793: 2023-11-14
J794: =K794&L794 -> Иванова Анна СергеевнаСмирнова Елена Олеговна | K794: Иванова Анна Сергеевна | L794: Смирнова Елена Олеговна | M794: 2024-06-18 | N794: =O794&P794 -> Яковлев Артем ИгоревичКозлова Екатерина Викторовна | O794: Яковлев Артем Игоревич | P794: Козлова Екатерина Викторовна | Q794: 2023-11-14
J795: =K795&L795 -> Семенова Ирина ВалерьевнаИванов Георгий Павлович | K795: Семенова Ирина Валерьевна | L795: Иванов Георгий Павлович | M795: 2024-06-19 | N795: =O795&P795 -> Семенова Ирина ВалерьевнаОрлова Алиса Егоровна | O795: Семенова Ирина Валерьевна | P795: Орлова Алиса Егоровна | Q795: 2023-11-13
J796: =K796&L796 -> Сидорова Елена ВасильевнаКузнецов Кирилл Александрович | K796: Сидорова Елена Васильевна | L796: Кузнецов Кирилл Александрович | M796: 2024-06-21 | N796: =O796&P796 -> Ткаченко Андрей ОлеговичКозлов Илья Геннадьевич | O796: Ткаченко Андрей Олегович | P796: Козлов Илья Геннадьевич | Q796: 2023-11-13
J797: =K797&L797 -> Петров Владимир КирилловичВасильев Андрей Дмитриевич | K797: Петров Владимир Кириллович | L797: Васильев Андрей Дмитриевич | M797: 2024-06-21 | N797: =O797&P797 -> Ткаченко Андрей ОлеговичСеменова Полина Сергеевна | O797: Ткаченко Андрей Олегович | P797: Семенова Полина Сергеевна | Q797: 2023-11-13
J798: =K798&L798 -> Белов Алексей КонстантиновичКузнецов Алексей Олегович | K798: Белов Алексей Константинович | L798: Кузнецов Алексей Олегович | M798: 2024-06-21 | N798: =O798&P798 -> Орлов Павел ДенисовичИванов Георгий Павлович | O798: Орлов Павел Денисович | P798: Иванов Георгий Павлович | Q798: 2023-11-13
J799: =K799&L799 -> Орлов Павел ДенисовичВолкова Екатерина Егоровна | K799: Орлов Павел Денисович | L799: Волкова Екатерина Егоровна | M799: 2024-06-21 | N799: =O799&P799 -> Яковлев Артем ИгоревичПавлов Андрей Владимирович | O799: Яковлев Артем Игоревич | P799: Павлов Андрей Владимирович | Q799: 2023-11-13
J800: =K800&L800 -> Петров Владимир КирилловичКузнецов Егор Андреевич | K800: Петров Владимир Кириллович | L800: Кузнецов Егор Андреевич | M800: 2024-06-21 | N800: =O800&P800 -> Громова Мария ИльиничнаСтепанов Кирилл Алексеевич | O800: Громова Мария Ильинична | P800: Степанов Кирилл Алексеевич | Q800: 2023-11-13
J801: =K801&L801 -> Яковлев Артем ИгоревичЕгорова Татьяна Ильинична | K801: Яковлев Артем Игоревич | L801: Егорова Татьяна Ильинична | M801: 2024-06-24 | N801: =O801&P801 -> Ткаченко Андрей ОлеговичПопов Роман Владимирович | O801: Ткаченко Андрей Олегович | P801: Попов Роман Владимирович | Q801: 2023-11-13
J802: =K802&L802 -> Петров Владимир КирилловичПопова Полина Сергеевна | K802: Петров Владимир Кириллович | L802: Попова Полина Сергеевна | M802: 2024-06-24 | N802: =O802&P802 -> Петров Владимир КирилловичВолкова Анна Викторовна | O802: Петров Владимир Кириллович | P802: Волкова Анна Викторовна | Q802: 2023-11-10
... J1001: =K1001&L1001 -> Фролов Сергей ВикторовичИванов Артем Павлович | K1001: Фролов Сергей Викторович | L1001: Иванов Артем Павлович | M1001: 2024-09-02 | N1001: =O1001&P1001 -> Белов Алексей КонстантиновичНовикова Людмила Кирилловна | O1001: Белов Алексей Константинович | P1001: Новикова Людмила Кирилловна | Q1001: 2023-09-01

Sheet 1-1
A1: ФИО менеджера | B1: ФИО клиента | C1: Первый проект | D1: Последний проект | E1: Дни
A2: Яковлев Артем Игоревич | B2: Новикова София Ивановна | C2: 2023-09-19 | D2: 2024-08-15 | E2: 331
A3: Яковлев Артем Игоревич | B3: Попов Роман Владимирович | C3: 2023-09-21 | D3: 2024-08-16 | E3: 330
A4: Сидорова Елена Васильевна | B4: Семенова Александра Егоровна | C4: 2023-09-25 | D4: 2024-08-12 | E4: 322
A5: Фролов Сергей Викторович | B5: Павлов Михаил Андреевич | C5: 2023-09-07 | D5: 2024-07-22 | E5: 319
A6: Новикова Ольга Петровна | B6: Васильева Юлия Сергеевна | C6: 2023-09-11 | D6: 2024-07-25 | E6: 318
A7: Семенова Ирина Валерьевна | B7: Волкова Анна Викторовна | C7: 2023-09-08 | D7: 2024-07-16 | E7: 312
A8: Петров Владимир Кириллович | B8: Егоров Илья Ильич | C8: 2023-09-11 | D8: 2024-07-15 | E8: 308
A9: Орлов Павел Денисович | B9: Павлов Алексей Юрьевич | C9: 2023-09-28 | D9: 2024-07-31 | E9: 307
A10: Иванова Анна Сергеевна | B10: Сидоров Кирилл Михайлович | C10: 2023-10-17 | D10: 2024-08-05 | E10: 293
A11: Петров Владимир Кириллович | B11: Волкова Екатерина Егоровна | C11: 2023-11-06 | D11: 2024-08-14 | E11: 282
A12: Новикова Ольга Петровна | B12: Кузнецов Егор Андреевич | C12: 2023-09-06 | D12: 2024-06-13 | E12: 281
A13: Громова Мария Ильинична | B13: Попова Полина Сергеевна | C13: 2023-10-24 | D13: 2024-07-26 | E13: 276
... A790: Яковлев Артем Игоревич | B790: Федорова Екатерина Владимировна | C790: 2024-08-19 | D790: 2024-08-19 | E790: 0

Sheet 2
A1: Фио | B1: проекты | C1: сумма | D1: Менеджеры
A2: Алексеев Артур Артемович | B2: =COUNTIF(Данные!B:B,'2'!A129) -> 3 | C2: =SUMIF(Данные!B:B,'2'!A129,Данные!D:D) -> 81678 | D2: =COUNTIF('1'!E:E,'2'!A129) -> 3
A3: Алексеев Егор Юрьевич | B3: =COUNTIF(Данные!B:B,'2'!A130) -> 2 | C3: =SUMIF(Данные!B:B,'2'!A130,Данные!D:D) -> 166501 | D3: =COUNTIF('1'!E:E,'2'!A130) -> 2
A4: Алексеев Михаил Алексеевич | B4: =COUNTIF(Данные!B:B,'2'!A56) -> 3 | C4: =SUMIF(Данные!B:B,'2'!A56,Данные!D:D) -> 168111 | D4: =COUNTIF('1'!E:E,'2'!A56) -> 3
A5: Алексеев Никита Алексеевич | B5: =COUNTIF(Данные!B:B,'2'!A116) -> 3 | C5: =SUMIF(Данные!B:B,'2'!A116,Данные!D:D) -> 194688 | D5: =COUNTIF('1'!E:E,'2'!A116) -> 2
A6: Алексеева Валерия Викторовна | B6: =COUNTIF(Данные!B:B,'2'!A64) -> 7 | C6: =SUMIF(Данные!B:B,'2'!A64,Данные!D:D) -> 319100 | D6: =COUNTIF('1'!E:E,'2'!A64) -> 6
A7: Алексеева Мария Олеговна | B7: =COUNTIF(Данные!B:B,'2'!A45) -> 2 | C7: =SUMIF(Данные!B:B,'2'!A45,Данные!D:D) -> 129384 | D7: =COUNTIF('1'!E:E,'2'!A45) -> 2
A8: Алексеева Ольга Дмитриевна | B8: =COUNTIF(Данные!B:B,'2'!A169) -> 5 | C8: =SUMIF(Данные!B:B,'2'!A169,Данные!D:D) -> 377895 | D8: =COUNTIF('1'!E:E,'2'!A169) -> 4
A9: Алексеева Полина Викторовна | B9: =COUNTIF(Данные!B:B,'2'!A5) -> 7 | C9: =SUMIF(Данные!B:B,'2'!A5,Данные!D:D) -> 153508 | D9: =COUNTIF('1'!E:E,'2'!A5) -> 6
A10: Алексеева Полина Сергеевна | B10: =COUNTIF(Данные!B:B,'2'!A185) -> 3 | C10: =SUMIF(Данные!B:B,'2'!A185,Данные!D:D) -> 169307 | D10: =COUNTIF('1'!E:E,'2'!A185) -> 3
A11: Алексеева Светлана Артемовна | B11: =COUNTIF(Данные!B:B,'2'!A66) -> 4 | C11: =SUMIF(Данные!B:B,'2'!A66,Данные!D:D) -> 204579 | D11: =COUNTIF('1'!E:E,'2'!A66) -> 3
A12: Алексеева Юлия Никитична | B12: =COUNTIF(Данные!B:B,'2'!A62) -> 2 | C12: =SUMIF(Данные!B:B,'2'!A62,Данные!D:D) -> 110354 | D12: =COUNTIF('1'!E:E,'2'!A62) -> 1
A13: Васильев Андрей Дмитриевич | B13: =COUNTIF(Данные!B:B,'2'!A117) -> 3 | C13: =SUMIF(Данные!B:B,'2'!A117,Данные!D:D) -> 193948 | D13: =COUNTIF('1'!E:E,'2'!A117) -> 3
A14: Васильев Андрей Павлович | B14: =COUNTIF(Данные!B:B,'2'!A102) -> 6 | C14: =SUMIF(Данные!B:B,'2'!A102,Данные!D:D) -> 286452 | D14: =COUNTIF('1'!E:E,'2'!A102) -> 6
A15: Васильев Владимир Алексеевич | B15: =COUNTIF(Данные!B:B,'2'!A43) -> 8 | C15: =SUMIF(Данные!B:B,'2'!A43,Данные!D:D) -> 531961 | D15: =COUNTIF('1'!E:E,'2'!A43) -> 6
A16: Васильев Егор Павлович | B16: =COUNTIF(Данные!B:B,'2'!A41) -> 3 | C16: =SUMIF(Данные!B:B,'2'!A41,Данные!D:D) -> 81576 | D16: =COUNTIF('1'!E:E,'2'!A41) -> 1
A17: Васильев Илья Алексеевич | B17: =COUNTIF(Данные!B:B,'2'!A147) -> 9 | C17: =SUMIF(Данные!B:B,'2'!A147,Данные!D:D) -> 553605 | D17: =COUNTIF('1'!E:E,'2'!A147) -> 6
A18: Васильев Матвей Кириллович | B18: =COUNTIF(Данные!B:B,'2'!A162) -> 1 | C18: =SUMIF(Данные!B:B,'2'!A162,Данные!D:D) -> 41661 | D18: =COUNTIF('1'!E:E,'2'!A162) -> 1
A19: Васильева Виктория Артемовна | B19: =COUNTIF(Данные!B:B,'2'!A164) -> 6 | C19: =SUMIF(Данные!B:B,'2'!A164,Данные!D:D) -> 286243 | D19: =COUNTIF('1'!E:E,'2'!A164) -> 4
A20: Васильева Дарья Андреевна | B20: =COUNTIF(Данные!B:B,'2'!A34) -> 4 | C20: =SUMIF(Данные!B:B,'2'!A34,Данные!D:D) -> 196778 | D20: =COUNTIF('1'!E:E,'2'!A34) -> 3
A21: Васильева Елена Андреевна | B21: =COUNTIF(Данные!B:B,'2'!A13) -> 10 | C21: =SUMIF(Данные!B:B,'2'!A13,Данные!D:D) -> 585025 | D21: =COUNTIF('1'!E:E,'2'!A13) -> 5
A22: Васильева Ксения Егоровна | B22: =COUNTIF(Данные!B:B,'2'!A144) -> 5 | C22: =SUMIF(Данные!B:B,'2'!A144,Данные!D:D) -> 319058 | D22: =COUNTIF('1'!E:E,'2'!A144) -> 4
A23: Васильева Юлия Сергеевна | B23: =COUNTIF(Данные!B:B,'2'!A30) -> 3 | C23: =SUMIF(Данные!B:B,'2'!A30,Данные!D:D) -> 83517 | D23: =COUNTIF('1'!E:E,'2'!A30) -> 3
A24: Волков Алексей Никитич | B24: =COUNTIF(Данные!B:B,'2'!A127) -> 6 | C24: =SUMIF(Данные!B:B,'2'!A127,Данные!D:D) -> 251010 | D24: =COUNTIF('1'!E:E,'2'!A127) -> 5
A25: Волков Владимир Артемович | B25: =COUNTIF(Данные!B:B,'2'!A3) -> 10 | C25: =SUMIF(Данные!B:B,'2'!A3,Данные!D:D) -> 531637 | D25: =COUNTIF('1'!E:E,'2'!A3) -> 7
A26: Волков Павел Иванович | B26: =COUNTIF(Данные!B:B,'2'!A47) -> 8 | C26: =SUMIF(Данные!B:B,'2'!A47,Данные!D:D) -> 468679 | D26: =COUNTIF('1'!E:E,'2'!A47) -> 6
A27: Волкова Анна Викторовна | B27: =COUNTIF(Данные!B:B,'2'!A23) -> 4 | C27: =SUMIF(Данные!B:B,'2'!A23,Данные!D:D) -> 163291 | D27: =COUNTIF('1'!E:E,'2'!A23) -> 3
A28: Волкова Анна Станиславовна | B28: =COUNTIF(Данные!B:B,'2'!A33) -> 5 | C28: =SUMIF(Данные!B:B,'2'!A33,Данные!D:D) -> 246935 | D28: =COUNTIF('1'!E:E,'2'!A33) -> 4
A29: Волкова Виктория Артемовна | B29: =COUNTIF(Данные!B:B,'2'!A108) -> 1 | C29: =SUMIF(Данные!B:B,'2'!A108,Данные!D:D) -> 66499 | D29: =COUNTIF('1'!E:E,'2'!A108) -> 1
A30: Волкова Виктория Павловна | B30: =COUNTIF(Данные!B:B,'2'!A171) -> 5 | C30: =SUMIF(Данные!B:B,'2'!A171,Данные!D:D) -> 237057 | D30: =COUNTIF('1'!E:E,'2'!A171) -> 5
A31: Волкова Дарья Владимировна | B31: =COUNTIF(Данные!B:B,'2'!A76) -> 3 | C31: =SUMIF(Данные!B:B,'2'!A76,Данные!D:D) -> 226438 | D31: =COUNTIF('1'!E:E,'2'!A76) -> 2
A32: Волкова Екатерина Егоровна | B32: =COUNTIF(Данные!B:B,'2'!A35) -> 8 | C32: =SUMIF(Данные!B:B,'2'!A35,Данные!D:D) -> 453025 | D32: =COUNTIF('1'!E:E,'2'!A35) -> 6
A33: Волкова Людмила Кирилловна | B33: =COUNTIF(Данные!B:B,'2'!A94) -> 7 | C33: =SUMIF(Данные!B:B,'2'!A94,Данные!D:D) -> 423478 | D33: =COUNTIF('1'!E:E,'2'!A94) -> 5
A34: Волкова Полина Юрьевна | B34: =COUNTIF(Данные!B:B,'2'!A158) -> 5 | C34: =SUMIF(Данные!B:B,'2'!A158,Данные!D:D) -> 286001 | D34: =COUNTIF('1'!E:E,'2'!A158) -> 5
A35: Волкова Светлана Ивановна | B35: =COUNTIF(Данные!B:B,'2'!A40) -> 4 | C35: =SUMIF(Данные!B:B,'2'!A40,Данные!D:D) -> 203817 | D35: =COUNTIF('1'!E:E,'2'!A40) -> 3
A36: Волкова София Александровна | B36: =COUNTIF(Данные!B:B,'2'!A75) -> 4 | C36: =SUMIF(Данные!B:B,'2'!A75,Данные!D:D) -> 236139 | D36: =COUNTIF('1'!E:E,'2'!A75) -> 4
A37: Егоров Алексей Михайлович | B37: =COUNTIF(Данные!B:B,'2'!A72) -> 11 | C37: =SUMIF(Данные!B:B,'2'!A72,Данные!D:D) -> 650682 | D37: =COUNTIF('1'!E:E,'2'!A72) -> 7
A38: Егоров Андрей Егорович | B38: =COUNTIF(Данные!B:B,'2'!A123) -> 3 | C38: =SUMIF(Данные!B:B,'2'!A123,Данные!D:D) -> 188512 | D38: =COUNTIF('1'!E:E,'2'!A123) -> 3
A39: Егоров Иван Андреевич | B39: =COUNTIF(Данные!B:B,'2'!A126) -> 1 | C39: =SUMIF(Данные!B:B,'2'!A126,Данные!D:D) -> 49077 | D39: =COUNTIF('1'!E:E,'2'!A126) -> 1
A40: Егоров Илья Андреевич | B40: =COUNTIF(Данные!B:B,'2'!A145) -> 7 | C40: =SUMIF(Данные!B:B,'2'!A145,Данные!D:D) -> 287789 | D40: =COUNTIF('1'!E:E,'2'!A145) -> 4
A41: Егоров Илья Ильич | B41: =COUNTIF(Данные!B:B,'2'!A32) -> 7 | C41: =SUMIF(Данные!B:B,'2'!A32,Данные!D:D) -> 319403 | D41: =COUNTIF('1'!E:E,'2'!A32) -> 5
A42: Егоров Никита Олегович | B42: =COUNTIF(Данные!B:B,'2'!A82) -> 5 | C42: =SUMIF(Данные!B:B,'2'!A82,Данные!D:D) -> 307946 | D42: =COUNTIF('1'!E:E,'2'!A82) -> 4
A43: Егоров Сергей Андреевич | B43: =COUNTIF(Данные!B:B,'2'!A28) -> 6 | C43: =SUMIF(Данные!B:B,'2'!A28,Данные!D:D) -> 336065 | D43: =COUNTIF('1'!E:E,'2'!A28) -> 5
A44: Егорова Мария Кирилловна | B44: =COUNTIF(Данные!B:B,'2'!A188) -> 2 | C44: =SUMIF(Данные!B:B,'2'!A188,Данные!D:D) -> 56258 | D44: =COUNTIF('1'!E:E,'2'!A188) -> 2
A45: Егорова Наталья Станиславовна | B45: =COUNTIF(Данные!B:B,'2'!A191) -> 2 | C45: =SUMIF(Данные!B:B,'2'!A191,Данные!D:D) -> 133615 | D45: =COUNTIF('1'!E:E,'2'!A191) -> 2
A46: Егорова Татьяна Ильинична | B46: =COUNTIF(Данные!B:B,'2'!A128) -> 1 | C46: =SUMIF(Данные!B:B,'2'!A128,Данные!D:D) -> 94842 | D46: =COUNTIF('1'!E:E,'2'!A128) -> 1
A47: Егорова Юлия Никитична | B47: =COUNTIF(Данные!B:B,'2'!A159) -> 9 | C47: =SUMIF(Данные!B:B,'2'!A159,Данные!D:D) -> 548964 | D47: =COUNTIF('1'!E:E,'2'!A159) -> 7
A48: Иванов Андрей Дмитриевич | B48: =COUNTIF(Данные!B:B,'2'!A179) -> 15 | C48: =SUMIF(Данные!B:B,'2'!A179,Данные!D:D) -> 836623 | D48: =COUNTIF('1'!E:E,'2'!A179) -> 8
A49: Иванов Артем Павлович | B49: =COUNTIF(Данные!B:B,'2'!A99) -> 4 | C49: =SUMIF(Данные!B:B,'2'!A99,Данные!D:D) -> 230538 | D49: =COUNTIF('1'!E:E,'2'!A99) -> 4
A50: Иванов Георгий Павлович | B50: =COUNTIF(Данные!B:B,'2'!A101) -> 6 | C50: =SUMIF(Данные!B:B,'2'!A101,Данные!D:D) -> 300657 | D50: =COUNTIF('1'!E:E,'2'!A101) -> 6
A51: Иванов Никита Романович | B51: =COUNTIF(Данные!B:B,'2'!A104) -> 1 | C51: =SUMIF(Данные!B:B,'2'!A104,Данные!D:D) -> 26488 | D51: =COUNTIF('1'!E:E,'2'!A104) -> 1
A52: Иванова Виктория Артемовна | B52: =COUNTIF(Данные!B:B,'2'!A7) -> 6 | C52: =SUMIF(Данные!B:B,'2'!A7,Данные!D:D) -> 372745 | D52: =COUNTIF('1'!E:E,'2'!A7) -> 5
A53: Иванова Елена Артемовна | B53: =COUNTIF(Данные!B:B,'2'!A111) -> 20 | C53: =SUMIF(Данные!B:B,'2'!A111,Данные!D:D) -> 1074602 | D53: =COUNTIF('1'!E:E,'2'!A111) -> 12
A54: Иванова Ольга Дмитриевна | B54: =COUNTIF(Данные!B:B,'2'!A89) -> 4 | C54: =SUMIF(Данные!B:B,'2'!A89,Данные!D:D) -> 252527 | D54: =COUNTIF('1'!E:E,'2'!A89) -> 4
A55: Иванова Полина Дмитриевна | B55: =COUNTIF(Данные!B:B,'2'!A60) -> 8 | C55: =SUMIF(Данные!B:B,'2'!A60,Данные!D:D) -> 360886 | D55: =COUNTIF('1'!E:E,'2'!A60) -> 7
A56: Иванова Светлана Артемовна | B56: =COUNTIF(Данные!B:B,'2'!A86) -> 3 | C56: =SUMIF(Данные!B:B,'2'!A86,Данные!D:D) -> 159169 | D56: =COUNTIF('1'!E:E,'2'!A86) -> 3
A57: Иванова София Михайловна | B57: =COUNTIF(Данные!B:B,'2'!A110) -> 7 | C57: =SUMIF(Данные!B:B,'2'!A110,Данные!D:D) -> 391620 | D57: =COUNTIF('1'!E:E,'2'!A110) -> 5
A58: Козлов Александр Павлович | B58: =COUNTIF(Данные!B:B,'2'!A37) -> 2 | C58: =SUMIF(Данные!B:B,'2'!A37,Данные!D:D) -> 140475 | D58: =COUNTIF('1'!E:E,'2'!A37) -> 2
A59: Козлов Артур Сергеевич | B59: =COUNTIF(Данные!B:B,'2'!A141) -> 7 | C59: =SUMIF(Данные!B:B,'2'!A141,Данные!D:D) -> 491611 | D59: =COUNTIF('1'!E:E,'2'!A141) -> 5
A60: Козлов Илья Геннадьевич | B60: =COUNTIF(Данные!B:B,'2'!A103) -> 5 | C60: =SUMIF(Данные!B:B,'2'!A103,Данные!D:D) -> 156684 | D60: =COUNTIF('1'!E:E,'2'!A103) -> 4
A61: Козлов Матвей Владимирович | B61: =COUNTIF(Данные!B:B,'2'!A31) -> 1 | C61: =SUMIF(Данные!B:B,'2'!A31,Данные!D:D) -> 68538 | D61: =COUNTIF('1'!E:E,'2'!A31) -> 1
A62: Козлов Михаил Андреевич | B62: =COUNTIF(Данные!B:B,'2'!A186) -> 6 | C62: =SUMIF(Данные!B:B,'2'!A186,Данные!D:D) -> 439147 | D62: =COUNTIF('1'!E:E,'2'!A186) -> 5
A63: Козлов Роман Егорович | B63: =COUNTIF(Данные!B:B,'2'!A90) -> 2 | C63: =SUMIF(Данные!B:B,'2'!A90,Данные!D:D) -> 53864 | D63: =COUNTIF('1'!E:E,'2'!A90) -> 2
A64: Козлова Александра Андреевна | B64: =COUNTIF(Данные!B:B,'2'!A18) -> 5 | C64: =SUMIF(Данные!B:B,'2'!A18,Данные!D:D) -> 288693 | D64: =COUNTIF('1'!E:E,'2'!A18) -> 4
A65: Козлова Алиса Геннадьевна | B65: =COUNTIF(Данные!B:B,'2'!A178) -> 10 | C65: =SUMIF(Данные!B:B,'2'!A178,Данные!D:D) -> 472649 | D65: =COUNTIF('1'!E:E,'2'!A178) -> 6
A66: Козлова Екатерина Викторовна | B66: =COUNTIF(Данные!B:B,'2'!A136) -> 4 | C66: =SUMIF(Данные!B:B,'2'!A136,Данные!D:D) -> 257989 | D66: =COUNTIF('1'!E:E,'2'!A136) -> 4
A67: Козлова Наталья Романовна | B67: =COUNTIF(Данные!B:B,'2'!A183) -> 5 | C67: =SUMIF(Данные!B:B,'2'!A183,Данные!D:D) -> 315775 | D67: =COUNTIF('1'!E:E,'2'!A183) -> 5
A68: Козлова Полина Михайловна | B68: =COUNTIF(Данные!B:B,'2'!A57) -> 3 | C68: =SUMIF(Данные!B:B,'2'!A57,Данные!D:D) -> 41514 | D68: =COUNTIF('1'!E:E,'2'!A57) -> 3
A69: Кузнецов Александр Романович | B69: =COUNTIF(Данные!B:B,'2'!A51) -> 2 | C69: =SUMIF(Данные!B:B,'2'!A51,Данные!D:D) -> 153985 | D69: =COUNTIF('1'!E:E,'2'!A51) -> 2
A70: Кузнецов Алексей Олегович | B70: =COUNTIF(Данные!B:B,'2'!A142) -> 9 | C70: =SUMIF(Данные!B:B,'2'!A142,Данные!D:D) -> 568425 | D70: =COUNTIF('1'!E:E,'2'!A142) -> 6
A71: Кузнецов Артем Юрьевич | B71: =COUNTIF(Данные!B:B,'2'!A160) -> 6 | C71: =SUMIF(Данные!B:B,'2'!A160,Данные!D:D) -> 269342 | D71: =COUNTIF('1'!E:E,'2'!A160) -> 5
A72: Кузнецов Егор Андреевич | B72: =COUNTIF(Данные!B:B,'2'!A15) -> 3 | C72: =SUMIF(Данные!B:B,'2'!A15,Данные!D:D) -> 121712 | D72: =COUNTIF('1'!E:E,'2'!A15) -> 3
A73: Кузнецов Иван Ильич | B73: =COUNTIF(Данные!B:B,'2'!A193) -> 1 | C73: =SUMIF(Данные!B:B,'2'!A193,Данные!D:D) -> 89042 | D73: =COUNTIF('1'!E:E,'2'!A193) -> 1
A74: Кузнецов Кирилл Александрович | B74: =COUNTIF(Данные!B:B,'2'!A61) -> 3 | C74: =SUMIF(Данные!B:B,'2'!A61,Данные!D:D) -> 131927 | D74: =COUNTIF('1'!E:E,'2'!A61) -> 3
A75: Кузнецов Кирилл Павлович | B75: =COUNTIF(Данные!B:B,'2'!A113) -> 9 | C75: =SUMIF(Данные!B:B,'2'!A113,Данные!D:D) -> 442873 | D75: =COUNTIF('1'!E:E,'2'!A113) -> 6
A76: Кузнецов Михаил Иванович | B76: =COUNTIF(Данные!B:B,'2'!A138) -> 7 | C76: =SUMIF(Данные!B:B,'2'!A138,Данные!D:D) -> 149760 | D76: =COUNTIF('1'!E:E,'2'!A138) -> 5
A77: Кузнецов Павел Викторович | B77: =COUNTIF(Данные!B:B,'2'!A173) -> 5 | C77: =SUMIF(Данные!B:B,'2'!A173,Данные!D:D) -> 294173 | D77: =COUNTIF('1'!E:E,'2'!A173) -> 4
A78: Кузнецова Ирина Павловна | B78: =COUNTIF(Данные!B:B,'2'!A79) -> 2 | C78: =SUMIF(Данные!B:B,'2'!A79,Данные!D:D) -> 88760 | D78: =COUNTIF('1'!E:E,'2'!A79) -> 2
A79: Кузнецова Мария Сергеевна | B79: =COUNTIF(Данные!B:B,'2'!A114) -> 4 | C79: =SUMIF(Данные!B:B,'2'!A114,Данные!D:D) -> 167933 | D79: =COUNTIF('1'!E:E,'2'!A114) -> 3
A80: Лебедев Артем Дмитриевич | B80: =COUNTIF(Данные!B:B,'2'!A53) -> 3 | C80: =SUMIF(Данные!B:B,'2'!A53,Данные!D:D) -> 222780 | D80: =COUNTIF('1'!E:E,'2'!A53) -> 3
A81: Лебедев Дмитрий Дмитриевич | B81: =COUNTIF(Данные!B:B,'2'!A190) -> 1 | C81: =SUMIF(Данные!B:B,'2'!A190,Данные!D:D) -> 17306 | D81: =COUNTIF('1'!E:E,'2'!A190) -> 1
A82: Лебедев Матвей Павлович | B82: =COUNTIF(Данные!B:B,'2'!A78) -> 6 | C82: =SUMIF(Данные!B:B,'2'!A78,Данные!D:D) -> 368022 | D82: =COUNTIF('1'!E:E,'2'!A78) -> 5
A83: Лебедев Михаил Викторович | B83: =COUNTIF(Данные!B:B,'2'!A105) -> 3 | C83: =SUMIF(Данные!B:B,'2'!A105,Данные!D:D) -> 228134 | D83: =COUNTIF('1'!E:E,'2'!A105) -> 3
A84: Лебедев Михаил Кириллович | B84: =COUNTIF(Данные!B:B,'2'!A22) -> 5 | C84: =SUMIF(Данные!B:B,'2'!A22,Данные!D:D) -> 209318 | D84: =COUNTIF('1'!E:E,'2'!A22) -> 3
A85: Лебедев Никита Викторович | B85: =COUNTIF(Данные!B:B,'2'!A150) -> 5 | C85: =SUMIF(Данные!B:B,'2'!A150,Данные!D:D) -> 345035 | D85: =COUNTIF('1'!E:E,'2'!A150) -> 5
A86: Лебедева Анна Олеговна | B86: =COUNTIF(Данные!B:B,'2'!A187) -> 7 | C86: =SUMIF(Данные!B:B,'2'!A187,Данные!D:D) -> 399910 | D86: =COUNTIF('1'!E:E,'2'!A187) -> 5
A87: Лебедева Валерия Геннадьевна | B87: =COUNTIF(Данные!B:B,'2'!A121) -> 4 | C87: =SUMIF(Данные!B:B,'2'!A121,Данные!D:D) -> 303697 | D87: =COUNTIF('1'!E:E,'2'!A121) -> 2
A88: Лебедева Дарья Ивановна | B88: =COUNTIF(Данные!B:B,'2'!A50) -> 7 | C88: =SUMIF(Данные!B:B,'2'!A50,Данные!D:D) -> 330527 | D88: =COUNTIF('1'!E:E,'2'!A50) -> 6
A89: Лебедева Светлана Андреевна | B89: =COUNTIF(Данные!B:B,'2'!A120) -> 6 | C89: =SUMIF(Данные!B:B,'2'!A120,Данные!D:D) -> 259275 | D89: =COUNTIF('1'!E:E,'2'!A120) -> 4
A90: Лебедева София Алексеевна | B90: =COUNTIF(Данные!B:B,'2'!A182) -> 2 | C90: =SUMIF(Данные!B:B,'2'!A182,Данные!D:D) -> 136014 | D90: =COUNTIF('1'!E:E,'2'!A182) -> 2
A91: Лебедева Юлия Алексеевна | B91: =COUNTIF(Данные!B:B,'2'!A194) -> 9 | C91: =SUMIF(Данные!B:B,'2'!A194,Данные!D:D) -> 432365 | D91: =COUNTIF('1'!E:E,'2'!A194) -> 6
A92: Морозов Андрей Алексеевич | B92: =COUNTIF(Данные!B:B,'2'!A167) -> 9 | C92: =SUMIF(Данные!B:B,'2'!A167,Данные!D:D) -> 565257 | D92: =COUNTIF('1'!E:E,'2'!A167) -> 6
A93: Морозов Владимир Станиславович | B93: =COUNTIF(Данные!B:B,'2'!A95) -> 6 | C93: =SUMIF(Данные!B:B,'2'!A95,Данные!D:D) -> 346784 | D93: =COUNTIF('1'!E:E,'2'!A95) -> 5
A94: Морозов Иван Геннадьевич | B94: =COUNTIF(Данные!B:B,'2'!A156) -> 6 | C94: =SUMIF(Данные!B:B,'2'!A156,Данные!D:D) -> 329417 | D94: =COUNTIF('1'!E:E,'2'!A156) -> 5
A95: Морозов Илья Станиславович | B95: =COUNTIF(Данные!B:B,'2'!A77) -> 3 | C95: =SUMIF(Данные!B:B,'2'!A77,Данные!D:D) -> 112775 | D95: =COUNTIF('1'!E:E,'2'!A77) -> 3
A96: Морозов Константин Михайлович | B96: =COUNTIF(Данные!B:B,'2'!A198) -> 7 | C96: =SUMIF(Данные!B:B,'2'!A198,Данные!D:D) -> 309150 | D96: =COUNTIF('1'!E:E,'2'!A198) -> 4
A97: Николаев Александр Ильич | B97: =COUNTIF(Данные!B:B,'2'!A59) -> 5 | C97: =SUMIF(Данные!B:B,'2'!A59,Данные!D:D) -> 273001 | D97: =COUNTIF('1'!E:E,'2'!A59) -> 4
A98: Николаев Андрей Ильич | B98: =COUNTIF(Данные!B:B,'2'!A39) -> 5 | C98: =SUMIF(Данные!B:B,'2'!A39,Данные!D:D) -> 202074 | D98: =COUNTIF('1'!E:E,'2'!A39) -> 4
A99: Николаев Никита Викторович | B99: =COUNTIF(Данные!B:B,'2'!A154) -> 8 | C99: =SUMIF(Данные!B:B,'2'!A154,Данные!D:D) -> 462646 | D99: =COUNTIF('1'!E:E,'2'!A154) -> 6
A100: Николаева Алиса Ильинична | B100: =COUNTIF(Данные!B:B,'2'!A42) -> 9 | C100: =SUMIF(Данные!B:B,'2'!A42,Данные!D:D) -> 520106 | D100: =COUNTIF('1'!E:E,'2'!A42) -> 5
...

Sheet 3-данные
A1: ФИО менеджера | B1: ФИО клиента | C1: Дата сделки | D1: Сумма сделки | E1: NPS | F1: Год | G1: Месяц | H1: Год&Месяц
A2: Белов Алексей Константинович | B2: Новикова Людмила Кирилловна | C2: 2023-09-01 | D2: 52260 | E2: 9 | F2: =YEAR(C2) -> 2023 | G2: =MONTH(C2) -> 9 | H2: =F2&"-"&G2 -> 2023-9
A3: Сидорова Елена Васильевна | B3: Волков Владимир Артемович | C3: 2023-09-04 | D3: 32372 | E3: 7 | F3: =YEAR(C3) -> 2023 | G3: =MONTH(C3) -> 9 | H3: =F3&"-"&G3 -> 2023-9
A4: Кузнецов Дмитрий Львович | B4: Смирнова Валерия Станиславовна | C4: 2023-09-04 | D4: 51312 | E4: 6 | F4: =YEAR(C4) -> 2023 | G4: =MONTH(C4) -> 9 | H4: =F4&"-"&G4 -> 2023-9
A5: Орлов Павел Денисович | B5: Алексеева Полина Викторовна | C5: 2023-09-04 | D5: 37796 | E5: 6 | F5: =YEAR(C5) -> 2023 | G5: =MONTH(C5) -> 9 | H5: =F5&"-"&G5 -> 2023-9
A6: Кузнецов Дмитрий Львович | B6: Петров Михаил Павлович | C6: 2023-09-04 | D6: 34852 | E6: 8 | F6: =YEAR(C6) -> 2023 | G6: =MONTH(C6) -> 9 | H6: =F6&"-"&G6 -> 2023-9
A7: Семенова Ирина Валерьевна | B7: Иванова Виктория Артемовна | C7: 2023-09-04 | D7: 53965 | E7: 6 | F7: =YEAR(C7) -> 2023 | G7: =MONTH(C7) -> 9 | H7: =F7&"-"&G7 -> 2023-9
A8: Белов Алексей Константинович | B8: Попова Светлана Геннадьевна | C8: 2023-09-04 | D8: 40844 | E8: 7 | F8: =YEAR(C8) -> 2023 | G8: =MONTH(C8) -> 9 | H8: =F8&"-"&G8 -> 2023-9
A9: Петров Владимир Кириллович | B9: Семенов Михаил Сергеевич | C9: 2023-09-04 | D9: 36221 | E9: 6 | F9: =YEAR(C9) -> 2023 | G9: =MONTH(C9) -> 9 | H9: =F9&"-"&G9 -> 2023-9
A10: Яковлев Артем Игоревич | B10: Смирнова Елена Олеговна | C10: 2023-09-05 | D10: 53891 | E10: 1 | F10: =YEAR(C10) -> 2023 | G10: =MONTH(C10) -> 9 | H10: =F10&"-"&G10 -> 2023-9
A11: Орлов Павел Денисович | B11: Степанова Людмила Ивановна | C11: 2023-09-05 | D11: 64414 | E11: 2 | F11: =YEAR(C11) -> 2023 | G11: =MONTH(C11) -> 9 | H11: =F11&"-"&G11 -> 2023-9
A12: Сидорова Елена Васильевна | B12: Федорова Екатерина Владимировна | C12: 2023-09-05 | D12: 64671 | E12: 7 | F12: =YEAR(C12) -> 2023 | G12: =MONTH(C12) -> 9 | H12: =F12&"-"&G12 -> 2023-9
A13: Ткаченко Андрей Олегович | B13: Семенов Михаил Сергеевич | C13: 2023-09-05 | D13: 90516 | E13: 7 | F13: =YEAR(C13) -> 2023 | G13: =MONTH(C13) -> 9 | H13: =F13&"-"&G13 -> 2023-9
... A1001: Фролов Сергей Викторович | B1001: Иванов Артем Павлович | C1001: 2024-09-02 | D1001: 59008 | E1001: 7 | F1001: =YEAR(C1001) -> 2024 | G1001: =MONTH(C1001) -> 9 | H1001: =F1001&"-"&G1001 -> 2024-9

Sheet 3
A1: ФИО Менеджера (по алфавиту) | B1: 2023-9 | C1: 2023-10 | D1: 2023-11 | E1: 2023-12 | F1: 2024-1 | G1: 2024-2 | H1: 2024-3 | I1: 2024-4 | J1: 2024-5 | K1: 2024-6 | L1: 2024-7 | M1: 2024-8 | N1: 2024-9
A2: Белов Алексей Константинович | B2: =COUNTIFS('3-данные'!$A:$A,'3'!$A2,'3-данные'!$H:$H,'3'!B$1) -> 6 | C2: =COUNTIFS('3-данные'!$A:$A,'3'!$A2,'3-данные'!$H:$H,'3'!C$1) -> 7 | D2: =COUNTIFS('3-данные'!$A:$A,'3'!$A2,'3-данные'!$H:$H,'3'!D$1) -> 7 | E2: =COUNTIFS('3-данные'!$A:$A,'3'!$A2,'3-данные'!$H:$H,'3'!E$1) -> 3 | F2: =COUNTIFS('3-данные'!$A:$A,'3'!$A2,'3-данные'!$H:$H,'3'!F$1) -> 9 | G2: =COUNTIFS('3-данные'!$A:$A,'3'!$A2,'3-данные'!$H:$H,'3'!G$1) -> 7 | H2: =COUNTIFS('3-данные'!$A:$A,'3'!$A2,'3-данные'!$H:$H,'3'!H$1) -> 11 | I2: =COUNTIFS('3-данные'!$A:$A,'3'!$A2,'3-данные'!$H:$H,'3'!I$1) -> 7 | ... N2: =COUNTIFS('3-данные'!$A:$A,'3'!$A2,'3-данные'!$H:$H,'3'!N$1) -> 0
A3: Громова Мария Ильинична | B3: =COUNTIFS('3-данные'!$A:$A,'3'!$A3,'3-данные'!$H:$H,'3'!B$1) -> 5 | C3: =COUNTIFS('3-данные'!$A:$A,'3'!$A3,'3-данные'!$H:$H,'3'!C$1) -> 7 | D3: =COUNTIFS('3-данные'!$A:$A,'3'!$A3,'3-данные'!$H:$H,'3'!D$1) -> 7 | E3: =COUNTIFS('3-данные'!$A:$A,'3'!$A3,'3-данные'!$H:$H,'3'!E$1) -> 6 | F3: =COUNTIFS('3-данные'!$A:$A,'3'!$A3,'3-данные'!$H:$H,'3'!F$1) -> 6 | G3: =COUNTIFS('3-данные'!$A:$A,'3'!$A3,'3-данные'!$H:$H,'3'!G$1) -> 5 | H3: =COUNTIFS('3-данные'!$A:$A,'3'!$A3,'3-данные'!$H:$H,'3'!H$1) -> 11 | I3: =COUNTIFS('3-данные'!$A:$A,'3'!$A3,'3-данные'!$H:$H,'3'!I$1) -> 5 | ... N3: =COUNTIFS('3-данные'!$A:$A,'3'!$A3,'3-данные'!$H:$H,'3'!N$1) -> 0
A4: Иванова Анна Сергеевна | B4: =COUNTIFS('3-данные'!$A:$A,'3'!$A4,'3-данные'!$H:$H,'3'!B$1) -> 4 | C4: =COUNTIFS('3-данные'!$A:$A,'3'!$A4,'3-данные'!$H:$H,'3'!C$1) -> 11 | D4: =COUNTIFS('3-данные'!$A:$A,'3'!$A4,'3-данные'!$H:$H,'3'!D$1) -> 8 | E4: =COUNTIFS('3-данные'!$A:$A,'3'!$A4,'3-данные'!$H:$H,'3'!E$1) -> 3 | F4: =COUNTIFS('3-данные'!$A:$A,'3'!$A4,'3-данные'!$H:$H,'3'!F$1) -> 7 | G4: =COUNTIFS('3-данные'!$A:$A,'3'!$A4,'3-данные'!$H:$H,'3'!G$1) -> 7 | H4: =COUNTIFS('3-данные'!$A:$A,'3'!$A4,'3-данные'!$H:$H,'3'!H$1) -> 2 | I4: =COUNTIFS('3-данные'!$A:$A,'3'!$A4,'3-данные'!$H:$H,'3'!I$1) -> 6 | ... N4: =COUNTIFS('3-данные'!$A:$A,'3'!$A4,'3-данные'!$H:$H,'3'!N$1) -> 0
A5: Кузнецов Дмитрий Львович | B5: =COUNTIFS('3-данные'!$A:$A,'3'!$A5,'3-данные'!$H:$H,'3'!B$1) -> 10 | C5: =COUNTIFS('3-данные'!$A:$A,'3'!$A5,'3-данные'!$H:$H,'3'!C$1) -> 9 | D5: =COUNTIFS('3-данные'!$A:$A,'3'!$A5,'3-данные'!$H:$H,'3'!D$1) -> 4 | E5: =COUNTIFS('3-данные'!$A:$A,'3'!$A5,'3-данные'!$H:$H,'3'!E$1) -> 5 | F5: =COUNTIFS('3-данные'!$A:$A,'3'!$A5,'3-данные'!$H:$H,'3'!F$1) -> 10 | G5: =COUNTIFS('3-данные'!$A:$A,'3'!$A5,'3-данные'!$H:$H,'3'!G$1) -> 8 | H5: =COUNTIFS('3-данные'!$A:$A,'3'!$A5,'3-данные'!$H:$H,'3'!H$1) -> 8 | I5: =COUNTIFS('3-данные'!$A:$A,'3'!$A5,'3-данные'!$H:$H,'3'!I$1) -> 7 | ... N5: =COUNTIFS('3-данные'!$A:$A,'3'!$A5,'3-данные'!$H:$H,'3'!N$1) -> 0
A6: Новикова Ольга Петровна | B6: =COUNTIFS('3-данные'!$A:$A,'3'!$A6,'3-данные'!$H:$H,'3'!B$1) -> 8 | C6: =COUNTIFS('3-данные'!$A:$A,'3'!$A6,'3-данные'!$H:$H,'3'!C$1) -> 5 | D6: =COUNTIFS('3-данные'!$A:$A,'3'!$A6,'3-данные'!$H:$H,'3'!D$1) -> 6 | E6: =COUNTIFS('3-данные'!$A:$A,'3'!$A6,'3-данные'!$H:$H,'3'!E$1) -> 5 | F6: =COUNTIFS('3-данные'!$A:$A,'3'!$A6,'3-данные'!$H:$H,'3'!F$1) -> 7 | G6: =COUNTIFS('3-данные'!$A:$A,'3'!$A6,'3-данные'!$H:$H,'3'!G$1) -> 4 | H6: =COUNTIFS('3-данные'!$A:$A,'3'!$A6,'3-данные'!$H:$H,'3'!H$1) -> 5 | I6: =COUNTIFS('3-данные'!$A:$A,'3'!$A6,'3-данные'!$H:$H,'3'!I$1) -> 7 | ... N6: =COUNTIFS('3-данные'!$A:$A,'3'!$A6,'3-данные'!$H:$H,'3'!N$1) -> 1
A7: Орлов Павел Денисович | B7: =COUNTIFS('3-данные'!$A:$A,'3'!$A7,'3-данные'!$H:$H,'3'!B$1) -> 8 | C7: =COUNTIFS('3-данные'!$A:$A,'3'!$A7,'3-данные'!$H:$H,'3'!C$1) -> 5 | D7: =COUNTIFS('3-данные'!$A:$A,'3'!$A7,'3-данные'!$H:$H,'3'!D$1) -> 9 | E7: =COUNTIFS('3-данные'!$A:$A,'3'!$A7,'3-данные'!$H:$H,'3'!E$1) -> 12 | F7: =COUNTIFS('3-данные'!$A:$A,'3'!$A7,'3-данные'!$H:$H,'3'!F$1) -> 9 | G7: =COUNTIFS('3-данные'!$A:$A,'3'!$A7,'3-данные'!$H:$H,'3'!G$1) -> 6 | H7: =COUNTIFS('3-данные'!$A:$A,'3'!$A7,'3-данные'!$H:$H,'3'!H$1) -> 8 | I7: =COUNTIFS('3-данные'!$A:$A,'3'!$A7,'3-данные'!$H:$H,'3'!I$1) -> 7 | ... N7: =COUNTIFS('3-данные'!$A:$A,'3'!$A7,'3-данные'!$H:$H,'3'!N$1) -> 0
A8: Петров Владимир Кириллович | B8: =COUNTIFS('3-данные'!$A:$A,'3'!$A8,'3-данные'!$H:$H,'3'!B$1) -> 9 | C8: =COUNTIFS('3-данные'!$A:$A,'3'!$A8,'3-данные'!$H:$H,'3'!C$1) -> 7 | D8: =COUNTIFS('3-данные'!$A:$A,'3'!$A8,'3-данные'!$H:$H,'3'!D$1) -> 10 | E8: =COUNTIFS('3-данные'!$A:$A,'3'!$A8,'3-данные'!$H:$H,'3'!E$1) -> 6 | F8: =COUNTIFS('3-данные'!$A:$A,'3'!$A8,'3-данные'!$H:$H,'3'!F$1) -> 12 | G8: =COUNTIFS('3-данные'!$A:$A,'3'!$A8,'3-данные'!$H:$H,'3'!G$1) -> 6 | H8: =COUNTIFS('3-данные'!$A:$A,'3'!$A8,'3-данные'!$H:$H,'3'!H$1) -> 4 | I8: =COUNTIFS('3-данные'!$A:$A,'3'!$A8,'3-данные'!$H:$H,'3'!I$1) -> 16 | ... N8: =COUNTIFS('3-данные'!$A:$A,'3'!$A8,'3-данные'!$H:$H,'3'!N$1) -> 1
A9: Семенова Ирина Валерьевна | B9: =COUNTIFS('3-данные'!$A:$A,'3'!$A9,'3-данные'!$H:$H,'3'!B$1) -> 8 | C9: =COUNTIFS('3-данные'!$A:$A,'3'!$A9,'3-данные'!$H:$H,'3'!C$1) -> 7 | D9: =COUNTIFS('3-данные'!$A:$A,'3'!$A9,'3-данные'!$H:$H,'3'!D$1) -> 8 | E9: =COUNTIFS('3-данные'!$A:$A,'3'!$A9,'3-данные'!$H:$H,'3'!E$1) -> 4 | F9: =COUNTIFS('3-данные'!$A:$A,'3'!$A9,'3-данные'!$H:$H,'3'!F$1) -> 6 | G9: =COUNTIFS('3-данные'!$A:$A,'3'!$A9,'3-данные'!$H:$H,'3'!G$1) -> 9 | H9: =COUNTIFS('3-данные'!$A:$A,'3'!$A9,'3-данные'!$H:$H,'3'!H$1) -> 6 | I9: =COUNTIFS('3-данные'!$A:$A,'3'!$A9,'3-данные'!$H:$H,'3'!I$1) -> 8 | ... N9: =COUNTIFS('3-данные'!$A:$A,'3'!$A9,'3-данные'!$H:$H,'3'!N$1) -> 0
A10: Сидорова Елена Васильевна | B10: =COUNTIFS('3-данные'!$A:$A,'3'!$A10,'3-данные'!$H:$H,'3'!B$1) -> 9 | C10: =COUNTIFS('3-данные'!$A:$A,'3'!$A10,'3-данные'!$H:$H,'3'!C$1) -> 7 | D10: =COUNTIFS('3-данные'!$A:$A,'3'!$A10,'3-данные'!$H:$H,'3'!D$1) -> 3 | E10: =COUNTIFS('3-данные'!$A:$A,'3'!$A10,'3-данные'!$H:$H,'3'!E$1) -> 5 | F10: =COUNTIFS('3-данные'!$A:$A,'3'!$A10,'3-данные'!$H:$H,'3'!F$1) -> 9 | G10: =COUNTIFS('3-данные'!$A:$A,'3'!$A10,'3-данные'!$H:$H,'3'!G$1) -> 4 | H10: =COUNTIFS('3-данные'!$A:$A,'3'!$A10,'3-данные'!$H:$H,'3'!H$1) -> 2 | I10: =COUNTIFS('3-данные'!$A:$A,'3'!$A10,'3-данные'!$H:$H,'3'!I$1) -> 7 | ... N10: =COUNTIFS('3-данные'!$A:$A,'3'!$A10,'3-данные'!$H:$H,'3'!N$1) -> 0
A11: Ткаченко Андрей Олегович | B11: =COUNTIFS('3-данные'!$A:$A,'3'!$A11,'3-данные'!$H:$H,'3'!B$1) -> 7 | C11: =COUNTIFS('3-данные'!$A:$A,'3'!$A11,'3-данные'!$H:$H,'3'!C$1) -> 7 | D11: =COUNTIFS('3-данные'!$A:$A,'3'!$A11,'3-данные'!$H:$H,'3'!D$1) -> 7 | E11: =COUNTIFS('3-данные'!$A:$A,'3'!$A11,'3-данные'!$H:$H,'3'!E$1) -> 8 | F11: =COUNTIFS('3-данные'!$A:$A,'3'!$A11,'3-данные'!$H:$H,'3'!F$1) -> 7 | G11: =COUNTIFS('3-данные'!$A:$A,'3'!$A11,'3-данные'!$H:$H,'3'!G$1) -> 4 | H11: =COUNTIFS('3-данные'!$A:$A,'3'!$A11,'3-данные'!$H:$H,'3'!H$1) -> 8 | I11: =COUNTIFS('3-данные'!$A:$A,'3'!$A11,'3-данные'!$H:$H,'3'!I$1) -> 7 | ... N11: =COUNTIFS('3-данные'!$A:$A,'3'!$A11,'3-данные'!$H:$H,'3'!N$1) -> 0
A12: Фролов Сергей Викторович | B12: =COUNTIFS('3-данные'!$A:$A,'3'!$A12,'3-данные'!$H:$H,'3'!B$1) -> 3 | C12: =COUNTIFS('3-данные'!$A:$A,'3'!$A12,'3-данные'!$H:$H,'3'!C$1) -> 7 | D12: =COUNTIFS('3-данные'!$A:$A,'3'!$A12,'3-данные'!$H:$H,'3'!D$1) -> 6 | E12: =COUNTIFS('3-данные'!$A:$A,'3'!$A12,'3-данные'!$H:$H,'3'!E$1) -> 6 | F12: =COUNTIFS('3-данные'!$A:$A,'3'!$A12,'3-данные'!$H:$H,'3'!F$1) -> 9 | G12: =COUNTIFS('3-данные'!$A:$A,'3'!$A12,'3-данные'!$H:$H,'3'!G$1) -> 8 | H12: =COUNTIFS('3-данные'!$A:$A,'3'!$A12,'3-данные'!$H:$H,'3'!H$1) -> 4 | I12: =COUNTIFS('3-данные'!$A:$A,'3'!$A12,'3-данные'!$H:$H,'3'!I$1) -> 6 | ... N12: =COUNTIFS('3-данные'!$A:$A,'3'!$A12,'3-данные'!$H:$H,'3'!N$1) -> 3
A13: Яковлев Артем Игоревич | B13: =COUNTIFS('3-данные'!$A:$A,'3'!$A13,'3-данные'!$H:$H,'3'!B$1) -> 8 | C13: =COUNTIFS('3-данные'!$A:$A,'3'!$A13,'3-данные'!$H:$H,'3'!C$1) -> 6 | D13: =COUNTIFS('3-данные'!$A:$A,'3'!$A13,'3-данные'!$H:$H,'3'!D$1) -> 5 | E13: =COUNTIFS('3-данные'!$A:$A,'3'!$A13,'3-данные'!$H:$H,'3'!E$1) -> 6 | F13: =COUNTIFS('3-данные'!$A:$A,'3'!$A13,'3-данные'!$H:$H,'3'!F$1) -> 9 | G13: =COUNTIFS('3-данные'!$A:$A,'3'!$A13,'3-данные'!$H:$H,'3'!G$1) -> 5 | H13: =COUNTIFS('3-данные'!$A:$A,'3'!$A13,'3-данные'!$H:$H,'3'!H$1) -> 11 | I13: =COUNTIFS('3-данные'!$A:$A,'3'!$A13,'3-данные'!$H:$H,'3'!I$1) -> 9 | ... N13: =COUNTIFS('3-данные'!$A:$A,'3'!$A13,'3-данные'!$H:$H,'3'!N$1) -> 0

Sheet 3-2
A1: ФИО Менеджера (по алфавиту) | B1: 2023-9 | C1: 2023-10 | D1: 2023-11 | E1: 2023-12 | F1: 2024-1 | G1: 2024-2 | H1: 2024-3 | I1: 2024-4 | J1: 2024-5 | K1: 2024-6 | L1: 2024-7 | M1: 2024-8 | N1: 2024-9
A2: Белов Алексей Константинович | B2: =IFERROR((COUNTIFS('3-данные'!$A:$A,'3-2'!$A2,'3-данные'!$H:$H,'3-2'!B$1,'3-данные'!$E:$E,">=9")-COUNTIFS('3-данные'!$A:$A,'3-2'!$A2,'3-данные'!$H:$H,'3-2'!B$1,'3-данные'!$E:$E,">=6"))/COUNTIFS('3-данные'!$A:$A,'3-2'!$A2,'3-данные'!$H:$H,'3-2'!B$1,'3-данные'!$E:$E,">=0"),"") -> -0.5 | C2: =IFERROR((COUNTIFS('3-данные'!$A:$A,'3-2'!$A2,'3-данные'!$H:$H,'3-2'!C$1,'3-данные'!$E:$E,">=9")-COUNTIFS('3-данные'!$A:$A,'3-2'!$A2,'3-данные'!$H:$H,'3-2'!C$1,'3-данные'!$E:$E,">=6"))/COUNTIFS('3-данные'!$A:$A,'3-2'!$A2,'3-данные'!$H:$H,'3-2'!C$1,'3-данные'!$E:$E,">=0"),"") -> -0.85714286 | D2: =IFERROR((COUNTIFS('3-данные'!$A:$A,'3-2'!$A2,'3-данные'!$H:$H,'3-2'!D$1,'3-данные'!$E:$E,">=9")-COUNTIFS('3-данные'!$A:$A,'3-2'!$A2,'3-данные'!$H:$H,'3-2'!D$1,'3-данные'!$E:$E,">=6"))/COUNTIFS('3-данные'!$A:$A,'3-2'!$A2,'3-данные'!$H:$H,'3-2'!D$1,'3-данные'!$E:$E,">=0"),"") -> -0.42857143 | E2: =IFERROR((COUNTIFS('3-данные'!$A:$A,'3-2'!$A2,'3-данные'!$H:$H,'3-2'!E$1,'3-данные'!$E:$E,">=9")-COUNTIFS('3-данные'!$A:$A,'3-2'!$A2,'3-данные'!$H:$H,'3-2'!E$1,'3-данные'!$E:$E,">=6"))/COUNTIFS('3-данные'!$A:$A,'3-2'!$A2,'3-данные'!$H:$H,'3-2'!E$1,'3-данные'!$E:$E,">=0"),"") -> 0 | F2: =IFERROR((COUNTIFS('3-данные'!$A:$A,'3-2'!$A2,'3-данные'!$H:$H,'3-2'!F$1,'3-данные'!$E:$E,">=9")-COUNTIFS('3-данные'!$A:$A,'3-2'!$A2,'3-данные'!$H:$H,'3-2'!F$1,'3-данные'!$E:$E,">=6"))/COUNTIFS('3-данные'!$A:$A,'3-2'!$A2,'3-данные'!$H:$H,'3-2'!F$1,'3-данные'!$E:$E,">=0"),"") -> -0.44444444 | G2: =IFERROR((COUNTIFS('3-данные'!$A:$A,'3-2'!$A2,'3-данные'!$H:$H,'3-2'!G$1,'3-данные'!$E:$E,">=9")-COUNTIFS('3-данные'!$A:$A,'3-2'!$A2,'3-данные'!$H:$H,'3-2'!G$1,'3-данные'!$E:$E,">=6"))/COUNTIFS('3-данные'!$A:$A,'3-2'!$A2,'3-данные'!$H:$H,'3-2'!G$1,'3-данные'!$E:$E,">=0"),"") -> -0.71428571 | H2: =IFERROR((COUNTIFS('3-данные'!$A:$A,'3-2'!$A2,'3-данные'!$H:$H,'3-2'!H$1,'3-данные'!$E:$E,">=9")-COUNTIFS('3-данные'!$A:$A,'3-2'!$A2,'3-данные'!$H:$H,'3-2'!H$1,'3-данные'!$E:$E,">=6"))/COUNTIFS('3-данные'!$A:$A,'3-2'!$A2,'3-данные'!$H:$H,'3-2'!H$1,'3-данные'!$E:$E,">=0"),"") -> -0.45454545 | I2: =IFERROR((COUNTIFS('3-данные'!$A:$A,'3-2'!$A2,'3-данные'!$H:$H,'3-2'!I$1,'3-данные'!$E:$E,">=9")-COUNTIFS('3-данные'!$A:$A,'3-2'!$A2,'3-данные'!$H:$H,'3-2'!I$1,'3-данные'!$E:$E,">=6"))/COUNTIFS('3-данные'!$A:$A,'3-2'!$A2,'3-данные'!$H:$H,'3-2'!I$1,'3-данные'!$E:$E,">=0"),"") -> -0.71428571 | ... N2: =IFERROR((COUNTIFS('3-данные'!$A:$A,'3-2'!$A2,'3-данные'!$H:$H,'3-2'!N$1,'3-данные'!$E:$E,">=9")-COUNTIFS('3-данные'!$A:$A,'3-2'!$A2,'3-данные'!$H:$H,'3-2'!N$1,'3-данные'!$E:$E,">=6"))/COUNTIFS('3-данные'!$A:$A,'3-2'!$A2,'3-данные'!$H:$H,'3-2'!N$1,'3-данные'!$E:$E,">=0"),"")
A3: Громова Мария Ильинична | B3: =IFERROR((COUNTIFS('3-данные'!$A:$A,'3-2'!$A3,'3-данные'!$H:$H,'3-2'!B$1,'3-данные'!$E:$E,">=9")-COUNTIFS('3-данные'!$A:$A,'3-2'!$A3,'3-данные'!$H:$H,'3-2'!B$1,'3-данные'!$E:$E,">=6"))/COUNTIFS('3-данные'!$A:$A,'3-2'!$A3,'3-данные'!$H:$H,'3-2'!B$1,'3-данные'!$E:$E,">=0"),"") -> -0.4 | C3: =IFERROR((COUNTIFS('3-данные'!$A:$A,'3-2'!$A3,'3-данные'!$H:$H,'3-2'!C$1,'3-данные'!$E:$E,">=9")-COUNTIFS('3-данные'!$A:$A,'3-2'!$A3,'3-данные'!$H:$H,'3-2'!C$1,'3-данные'!$E:$E,">=6"))/COUNTIFS('3-данные'!$A:$A,'3-2'!$A3,'3-данные'!$H:$H,'3-2'!C$1,'3-данные'!$E:$E,">=0"),"") -> -0.42857143 | D3: =IFERROR((COUNTIFS('3-данные'!$A:$A,'3-2'!$A3,'3-данные'!$H:$H,'3-2'!D$1,'3-данные'!$E:$E,">=9")-COUNTIFS('3-данные'!$A:$A,'3-2'!$A3,'3-данные'!$H:$H,'3-2'!D$1,'3-данные'!$E:$E,">=6"))/COUNTIFS('3-данные'!$A:$A,'3-2'!$A3,'3-данные'!$H:$H,'3-2'!D$1,'3-данные'!$E:$E,">=0"),"") -> -0.57142857 | E3: =IFERROR((COUNTIFS('3-данные'!$A:$A,'3-2'!$A3,'3-данные'!$H:$H,'3-2'!E$1,'3-данные'!$E:$E,">=9")-COUNTIFS('3-данные'!$A:$A,'3-2'!$A3,'3-данные'!$H:$H,'3-2'!E$1,'3-данные'!$E:$E,">=6"))/COUNTIFS('3-данные'!$A:$A,'3-2'!$A3,'3-данные'!$H:$H,'3-2'!E$1,'3-данные'!$E:$E,">=0"),"") -> -0.66666667 | F3: =IFERROR((COUNTIFS('3-данные'!$A:$A,'3-2'!$A3,'3-данные'!$H:$H,'3-2'!F$1,'3-данные'!$E:$E,">=9")-COUNTIFS('3-данные'!$A:$A,'3-2'!$A3,'3-данные'!$H:$H,'3-2'!F$1,'3-данные'!$E:$E,">=6"))/COUNTIFS('3-данные'!$A:$A,'3-2'!$A3,'3-данные'!$H:$H,'3-2'!F$1,'3-данные'!$E:$E,">=0"),"") -> -0.33333333 | G3: =IFERROR((COUNTIFS('3-данные'!$A:$A,'3-2'!$A3,'3-данные'!$H:$H,'3-2'!G$1,'3-данные'!$E:$E,">=9")-COUNTIFS('3-данные'!$A:$A,'3-2'!$A3,'3-данные'!$H:$H,'3-2'!G$1,'3-данные'!$E:$E,">=6"))/COUNTIFS('3-данные'!$A:$A,'3-2'!$A3,'3-данные'!$H:$H,'3-2'!G$1,'3-данные'!$E:$E,">=0"),"") -> -0.4 | H3: =IFERROR((COUNTIFS('3-данные'!$A:$A,'3-2'!$A3,'3-данные'!$H:$H,'3-2'!H$1,'3-данные'!$E:$E,">=9")-COUNTIFS('3-данные'!$A:$A,'3-2'!$A3,'3-данные'!$H:$H,'3-2'!H$1,'3-данные'!$E:$E,">=6"))/COUNTIFS('3-данные'!$A:$A,'3-2'!$A3,'3-данные'!$H:$H,'3-2'!H$1,'3-данные'!$E:$E,">=0"),"") -> -0.36363636 | I3: =IFERROR((COUNTIFS('3-данные'!$A:$A,'3-2'!$A3,'3-данные'!$H:$H,'3-2'!I$1,'3-данные'!$E:$E,">=9")-COUNTIFS('3-данные'!$A:$A,'3-2'!$A3,'3-данные'!$H:$H,'3-2'!I$1,'3-данные'!$E:$E,">=6"))/COUNTIFS('3-данные'!$A:$A,'3-2'!$A3,'3-данные'!$H:$H,'3-2'!I$1,'3-данные'!$E:$E,">=0"),"") -> -0.4 | ... N3: =IFERROR((COUNTIFS('3-данные'!$A:$A,'3-2'!$A3,'3-данные'!$H:$H,'3-2'!N$1,'3-данные'!$E:$E,">=9")-COUNTIFS('3-данные'!$A:$A,'3-2'!$A3,'3-данные'!$H:$H,'3-2'!N$1,'3-данные'!$E:$E,">=6"))/COUNTIFS('3-данные'!$A:$A,'3-2'!$A3,'3-данные'!$H:$H,'3-2'!N$1,'3-данные'!$E:$E,">=0"),"")
A4: Иванова Анна Сергеевна | B4: =IFERROR((COUNTIFS('3-данные'!$A:$A,'3-2'!$A4,'3-данные'!$H:$H,'3-2'!B$1,'3-данные'!$E:$E,">=9")-COUNTIFS('3-данные'!$A:$A,'3-2'!$A4,'3-данные'!$H:$H,'3-2'!B$1,'3-данные'!$E:$E,">=6"))/COUNTIFS('3-данные'!$A:$A,'3-2'!$A4,'3-данные'!$H:$H,'3-2'!B$1,'3-данные'!$E:$E,">=0"),"") -> -1 | C4: =IFERROR((COUNTIFS('3-данные'!$A:$A,'3-2'!$A4,'3-данные'!$H:$H,'3-2'!C$1,'3-данные'!$E:$E,">=9")-COUNTIFS('3-данные'!$A:$A,'3-2'!$A4,'3-данные'!$H:$H,'3-2'!C$1,'3-данные'!$E:$E,">=6"))/COUNTIFS('3-данные'!$A:$A,'3-2'!$A4,'3-данные'!$H:$H,'3-2'!C$1,'3-данные'!$E:$E,">=0"),"") -> -0.45454545 | D4: =IFERROR((COUNTIFS('3-данные'!$A:$A,'3-2'!$A4,'3-данные'!$H:$H,'3-2'!D$1,'3-данные'!$E:$E,">=9")-COUNTIFS('3-данные'!$A:$A,'3-2'!$A4,'3-данные'!$H:$H,'3-2'!D$1,'3-данные'!$E:$E,">=6"))/COUNTIFS('3-данные'!$A:$A,'3-2'!$A4,'3-данные'!$H:$H,'3-2'!D$1,'3-данные'!$E:$E,">=0"),"") -> -0.5 | E4: =IFERROR((COUNTIFS('3-данные'!$A:$A,'3-2'!$A4,'3-данные'!$H:$H,'3-2'!E$1,'3-данные'!$E:$E,">=9")-COUNTIFS('3-данные'!$A:$A,'3-2'!$A4,'3-данные'!$H:$H,'3-2'!E$1,'3-данные'!$E:$E,">=6"))/COUNTIFS('3-данные'!$A:$A,'3-2'!$A4,'3-данные'!$H:$H,'3-2'!E$1,'3-данные'!$E:$E,">=0"),"") -> -0.33333333 | F4: =IFERROR((COUNTIFS('3-данные'!$A:$A,'3-2'!$A4,'3-данные'!$H:$H,'3-2'!F$1,'3-данные'!$E:$E,">=9")-COUNTIFS('3-данные'!$A:$A,'3-2'!$A4,'3-данные'!$H:$H,'3-2'!F$1,'3-данные'!$E:$E,">=6"))/COUNTIFS('3-данные'!$A:$A,'3-2'!$A4,'3-данные'!$H:$H,'3-2'!F$1,'3-данные'!$E:$E,">=0"),"") -> -0.57142857 | G4: =IFERROR((COUNTIFS('3-данные'!$A:$A,'3-2'!$A4,'3-данные'!$H:$H,'3-2'!G$1,'3-данные'!$E:$E,">=9")-COUNTIFS('3-данные'!$A:$A,'3-2'!$A4,'3-данные'!$H:$H,'3-2'!G$1,'3-данные'!$E:$E,">=6"))/COUNTIFS('3-данные'!$A:$A,'3-2'!$A4,'3-данные'!$H:$H,'3-2'!G$1,'3-данные'!$E:$E,">=0"),"") -> -0.71428571 | H4: =IFERROR((COUNTIFS('3-данные'!$A:$A,'3-2'!$A4,'3-данные'!$H:$H,'3-2'!H$1,'3-данные'!$E:$E,">=9")-COUNTIFS('3-данные'!$A:$A,'3-2'!$A4,'3-данные'!$H:$H,'3-2'!H$1,'3-данные'!$E:$E,">=6"))/COUNTIFS('3-данные'!$A:$A,'3-2'!$A4,'3-данные'!$H:$H,'3-2'!H$1,'3-данные'!$E:$E,">=0"),"") -> -1 | I4: =IFERROR((COUNTIFS('3-данные'!$A:$A,'3-2'!$A4,'3-данные'!$H:$H,'3-2'!I$1,'3-данные'!$E:$E,">=9")-COUNTIFS('3-данные'!$A:$A,'3-2'!$A4,'3-данные'!$H:$H,'3-2'!I$1,'3-данные'!$E:$E,">=6"))/COUNTIFS('3-данные'!$A:$A,'3-2'!$A4,'3-данные'!$H:$H,'3-2'!I$1,'3-данные'!$E:$E,">=0"),"") -> -0.66666667 | ... N4: =IFERROR((COUNTIFS('3-данные'!$A:$A,'3-2'!$A4,'3-данные'!$H:$H,'3-2'!N$1,'3-данные'!$E:$E,">=9")-COUNTIFS('3-данные'!$A:$A,'3-2'!$A4,'3-данные'!$H:$H,'3-2'!N$1,'3-данные'!$E:$E,">=6"))/COUNTIFS('3-данные'!$A:$A,'3-2'!$A4,'3-данные'!$H:$H,'3-2'!N$1,'3-данные'!$E:$E,">=0"),"")
A5: Кузнецов Дмитрий Львович | B5: =IFERROR((COUNTIFS('3-данные'!$A:$A,'3-2'!$A5,'3-данные'!$H:$H,'3-2'!B$1,'3-данные'!$E:$E,">=9")-COUNTIFS('3-данные'!$A:$A,'3-2'!$A5,'3-данные'!$H:$H,'3-2'!B$1,'3-данные'!$E:$E,">=6"))/COUNTIFS('3-данные'!$A:$A,'3-2'!$A5,'3-данные'!$H:$H,'3-2'!B$1,'3-данные'!$E:$E,">=0"),"") -> -0.4 | C5: =IFERROR((COUNTIFS('3-данные'!$A:$A,'3-2'!$A5,'3-данные'!$H:$H,'3-2'!C$1,'3-данные'!$E:$E,">=9")-COUNTIFS('3-данные'!$A:$A,'3-2'!$A5,'3-данные'!$H:$H,'3-2'!C$1,'3-данные'!$E:$E,">=6"))/COUNTIFS('3-данные'!$A:$A,'3-2'!$A5,'3-данные'!$H:$H,'3-2'!C$1,'3-данные'!$E:$E,">=0"),"") -> -0.44444444 | D5: =IFERROR((COUNTIFS('3-данные'!$A:$A,'3-2'!$A5,'3-данные'!$H:$H,'3-2'!D$1,'3-данные'!$E:$E,">=9")-COUNTIFS('3-данные'!$A:$A,'3-2'!$A5,'3-данные'!$H:$H,'3-2'!D$1,'3-данные'!$E:$E,">=6"))/COUNTIFS('3-данные'!$A:$A,'3-2'!$A5,'3-данные'!$H:$H,'3-2'!D$1,'3-данные'!$E:$E,">=0"),"") -> -0.5 | E5: =IFERROR((COUNTIFS('3-данные'!$A:$A,'3-2'!$A5,'3-данные'!$H:$H,'3-2'!E$1,'3-данные'!$E:$E,">=9")-COUNTIFS('3-данные'!$A:$A,'3-2'!$A5,'3-данные'!$H:$H,'3-2'!E$1,'3-данные'!$E:$E,">=6"))/COUNTIFS('3-данные'!$A:$A,'3-2'!$A5,'3-данные'!$H:$H,'3-2'!E$1,'3-данные'!$E:$E,">=0"),"") -> -0.6 | F5: =IFERROR((COUNTIFS('3-данные'!$A:$A,'3-2'!$A5,'3-данные'!$H:$H,'3-2'!F$1,'3-данные'!$E:$E,">=9")-COUNTIFS('3-данные'!$A:$A,'3-2'!$A5,'3-данные'!$H:$H,'3-2'!F$1,'3-данные'!$E:$E,">=6"))/COUNTIFS('3-данные'!$A:$A,'3-2'!$A5,'3-данные'!$H:$H,'3-2'!F$1,'3-данные'!$E:$E,">=0"),"") -> -0.7 | G5: =IFERROR((COUNTIFS('3-данные'!$A:$A,'3-2'!$A5,'3-данные'!$H:$H,'3-2'!G$1,'3-данные'!$E:$E,">=9")-COUNTIFS('3-данные'!$A:$A,'3-2'!$A5,'3-данные'!$H:$H,'3-2'!G$1,'3-данные'!$E:$E,">=6"))/COUNTIFS('3-данные'!$A:$A,'3-2'!$A5,'3-данные'!$H:$H,'3-2'!G$1,'3-данные'!$E:$E,">=0"),"") -> -0.375 | H5: =IFERROR((COUNTIFS('3-данные'!$A:$A,'3-2'!$A5,'3-данные'!$H:$H,'3-2'!H$1,'3-данные'!$E:$E,">=9")-COUNTIFS('3-данные'!$A:$A,'3-2'!$A5,'3-данные'!$H:$H,'3-2'!H$1,'3-данные'!$E:$E,">=6"))/COUNTIFS('3-данные'!$A:$A,'3-2'!$A5,'3-данные'!$H:$H,'3-2'!H$1,'3-данные'!$E:$E,">=0"),"") -> -0.5 | I5: =IFERROR((COUNTIFS('3-данные'!$A:$A,'3-2'!$A5,'3-данные'!$H:$H,'3-2'!I$1,'3-данные'!$E:$E,">=9")-COUNTIFS('3-данные'!$A:$A,'3-2'!$A5,'3-данные'!$H:$H,'3-2'!I$1,'3-данные'!$E:$E,">=6"))/COUNTIFS('3-данные'!$A:$A,'3-2'!$A5,'3-данные'!$H:$H,'3-2'!I$1,'3-данные'!$E:$E,">=0"),"") -> -0.71428571 | ... N5: =IFERROR((COUNTIFS('3-данные'!$A:$A,'3-2'!$A5,'3-данные'!$H:$H,'3-2'!N$1,'3-данные'!$E:$E,">=9")-COUNTIFS('3-данные'!$A:$A,'3-2'!$A5,'3-данные'!$H:$H,'3-2'!N$1,'3-данные'!$E:$E,">=6"))/COUNTIFS('3-данные'!$A:$A,'3-2'!$A5,'3-данные'!$H:$H,'3-2'!N$1,'3-данные'!$E:$E,">=0"),"")
A6: Новикова Ольга Петровна | B6: =IFERROR((COUNTIFS('3-данные'!$A:$A,'3-2'!$A6,'3-данные'!$H:$H,'3-2'!B$1,'3-данные'!$E:$E,">=9")-COUNTIFS('3-данные'!$A:$A,'3-2'!$A6,'3-данные'!$H:$H,'3-2'!B$1,'3-данные'!$E:$E,">=6"))/COUNTIFS('3-данные'!$A:$A,'3-2'!$A6,'3-данные'!$H:$H,'3-2'!B$1,'3-данные'!$E:$E,">=0"),"") -> -0.375 | C6: =IFERROR((COUNTIFS('3-данные'!$A:$A,'3-2'!$A6,'3-данные'!$H:$H,'3-2'!C$1,'3-данные'!$E:$E,">=9")-COUNTIFS('3-данные'!$A:$A,'3-2'!$A6,'3-данные'!$H:$H,'3-2'!C$1,'3-данные'!$E:$E,">=6"))/COUNTIFS('3-данные'!$A:$A,'3-2'!$A6,'3-данные'!$H:$H,'3-2'!C$1,'3-данные'!$E:$E,">=0"),"") -> -0.4 | D6: =IFERROR((COUNTIFS('3-данные'!$A:$A,'3-2'!$A6,'3-данные'!$H:$H,'3-2'!D$1,'3-данные'!$E:$E,">=9")-COUNTIFS('3-данные'!$A:$A,'3-2'!$A6,'3-данные'!$H:$H,'3-2'!D$1,'3-данные'!$E:$E,">=6"))/COUNTIFS('3-данные'!$A:$A,'3-2'!$A6,'3-данные'!$H:$H,'3-2'!D$1,'3-данные'!$E:$E,">=0"),"") -> -0.33333333 | E6: =IFERROR((COUNTIFS('3-данные'!$A:$A,'3-2'!$A6,'3-данные'!$H:$H,'3-2'!E$1,'3-данные'!$E:$E,">=9")-COUNTIFS('3-данные'!$A:$A,'3-2'!$A6,'3-данные'!$H:$H,'3-2'!E$1,'3-данные'!$E:$E,">=6"))/COUNTIFS('3-данные'!$A:$A,'3-2'!$A6,'3-данные'!$H:$H,'3-2'!E$1,'3-данные'!$E:$E,">=0"),"") -> -0.6 | F6: =IFERROR((COUNTIFS('3-данные'!$A:$A,'3-2'!$A6,'3-данные'!$H:$H,'3-2'!F$1,'3-данные'!$E:$E,">=9")-COUNTIFS('3-данные'!$A:$A,'3-2'!$A6,'3-данные'!$H:$H,'3-2'!F$1,'3-данные'!$E:$E,">=6"))/COUNTIFS('3-данные'!$A:$A,'3-2'!$A6,'3-данные'!$H:$H,'3-2'!F$1,'3-данные'!$E:$E,">=0"),"") -> -0.57142857 | G6: =IFERROR((COUNTIFS('3-данные'!$A:$A,'3-2'!$A6,'3-данные'!$H:$H,'3-2'!G$1,'3-данные'!$E:$E,">=9")-COUNTIFS('3-данные'!$A:$A,'3-2'!$A6,'3-данные'!$H:$H,'3-2'!G$1,'3-данные'!$E:$E,">=6"))/COUNTIFS('3-данные'!$A:$A,'3-2'!$A6,'3-данные'!$H:$H,'3-2'!G$1,'3-данные'!$E:$E,">=0"),"") -> -0.75 | H6: =IFERROR((COUNTIFS('3-данные'!$A:$A,'3-2'!$A6,'3-данные'!$H:$H,'3-2'!H$1,'3-данные'!$E:$E,">=9")-COUNTIFS('3-данные'!$A:$A,'3-2'!$A6,'3-данные'!$H:$H,'3-2'!H$1,'3-данные'!$E:$E,">=6"))/COUNTIFS('3-данные'!$A:$A,'3-2'!$A6,'3-данные'!$H:$H,'3-2'!H$1,'3-данные'!$E:$E,">=0"),"") -> -0.8 | I6: =IFERROR((COUNTIFS('3-данные'!$A:$A,'3-2'!$A6,'3-данные'!$H:$H,'3-2'!I$1,'3-данные'!$E:$E,">=9")-COUNTIFS('3-данные'!$A:$A,'3-2'!$A6,'3-данные'!$H:$H,'3-2'!I$1,'3-данные'!$E:$E,">=6"))/COUNTIFS('3-данные'!$A:$A,'3-2'!$A6,'3-данные'!$H:$H,'3-2'!I$1,'3-данные'!$E:$E,">=0"),"") -> -0.57142857 | ... N6: =IFERROR((COUNTIFS('3-данные'!$A:$A,'3-2'!$A6,'3-данные'!$H:$H,'3-2'!N$1,'3-данные'!$E:$E,">=9")-COUNTIFS('3-данные'!$A:$A,'3-2'!$A6,'3-данные'!$H:$H,'3-2'!N$1,'3-данные'!$E:$E,">=6"))/COUNTIFS('3-данные'!$A:$A,'3-2'!$A6,'3-данные'!$H:$H,'3-2'!N$1,'3-данные'!$E:$E,">=0"),"") -> 0
A7: Орлов Павел Денисович | B7: =IFERROR((COUNTIFS('3-данные'!$A:$A,'3-2'!$A7,'3-данные'!$H:$H,'3-2'!B$1,'3-данные'!$E:$E,">=9")-COUNTIFS('3-данные'!$A:$A,'3-2'!$A7,'3-данные'!$H:$H,'3-2'!B$1,'3-данные'!$E:$E,">=6"))/COUNTIFS('3-данные'!$A:$A,'3-2'!$A7,'3-данные'!$H:$H,'3-2'!B$1,'3-данные'!$E:$E,">=0"),"") -> -0.625 | C7: =IFERROR((COUNTIFS('3-данные'!$A:$A,'3-2'!$A7,'3-данные'!$H:$H,'3-2'!C$1,'3-данные'!$E:$E,">=9")-COUNTIFS('3-данные'!$A:$A,'3-2'!$A7,'3-данные'!$H:$H,'3-2'!C$1,'3-данные'!$E:$E,">=6"))/COUNTIFS('3-данные'!$A:$A,'3-2'!$A7,'3-данные'!$H:$H,'3-2'!C$1,'3-данные'!$E:$E,">=0"),"") -> -0.4 | D7: =IFERROR((COUNTIFS('3-данные'!$A:$A,'3-2'!$A7,'3-данные'!$H:$H,'3-2'!D$1,'3-данные'!$E:$E,">=9")-COUNTIFS('3-данные'!$A:$A,'3-2'!$A7,'3-данные'!$H:$H,'3-2'!D$1,'3-данные'!$E:$E,">=6"))/COUNTIFS('3-данные'!$A:$A,'3-2'!$A7,'3-данные'!$H:$H,'3-2'!D$1,'3-данные'!$E:$E,">=0"),"") -> -0.66666667 | E7: =IFERROR((COUNTIFS('3-данные'!$A:$A,'3-2'!$A7,'3-данные'!$H:$H,'3-2'!E$1,'3-данные'!$E:$E,">=9")-COUNTIFS('3-данные'!$A:$A,'3-2'!$A7,'3-данные'!$H:$H,'3-2'!E$1,'3-данные'!$E:$E,">=6"))/COUNTIFS('3-данные'!$A:$A,'3-2'!$A7,'3-данные'!$H:$H,'3-2'!E$1,'3-данные'!$E:$E,">=0"),"") -> -0.58333333 | F7: =IFERROR((COUNTIFS('3-данные'!$A:$A,'3-2'!$A7,'3-данные'!$H:$H,'3-2'!F$1,'3-данные'!$E:$E,">=9")-COUNTIFS('3-данные'!$A:$A,'3-2'!$A7,'3-данные'!$H:$H,'3-2'!F$1,'3-данные'!$E:$E,">=6"))/COUNTIFS('3-данные'!$A:$A,'3-2'!$A7,'3-данные'!$H:$H,'3-2'!F$1,'3-данные'!$E:$E,">=0"),"") -> -0.66666667 | G7: =IFERROR((COUNTIFS('3-данные'!$A:$A,'3-2'!$A7,'3-данные'!$H:$H,'3-2'!G$1,'3-данные'!$E:$E,">=9")-COUNTIFS('3-данные'!$A:$A,'3-2'!$A7,'3-данные'!$H:$H,'3-2'!G$1,'3-данные'!$E:$E,">=6"))/COUNTIFS('3-данные'!$A:$A,'3-2'!$A7,'3-данные'!$H:$H,'3-2'!G$1,'3-данные'!$E:$E,">=0"),"") -> -0.33333333 | H7: =IFERROR((COUNTIFS('3-данные'!$A:$A,'3-2'!$A7,'3-данные'!$H:$H,'3-2'!H$1,'3-данные'!$E:$E,">=9")-COUNTIFS('3-данные'!$A:$A,'3-2'!$A7,'3-данные'!$H:$H,'3-2'!H$1,'3-данные'!$E:$E,">=6"))/COUNTIFS('3-данные'!$A:$A,'3-2'!$A7,'3-данные'!$H:$H,'3-2'!H$1,'3-данные'!$E:$E,">=0"),"") -> -0.625 | I7: =IFERROR((COUNTIFS('3-данные'!$A:$A,'3-2'!$A7,'3-данные'!$H:$H,'3-2'!I$1,'3-данные'!$E:$E,">=9")-COUNTIFS('3-данные'!$A:$A,'3-2'!$A7,'3-данные'!$H:$H,'3-2'!I$1,'3-данные'!$E:$E,">=6"))/COUNTIFS('3-данные'!$A:$A,'3-2'!$A7,'3-данные'!$H:$H,'3-2'!I$1,'3-данные'!$E:$E,">=0"),"") -> -0.28571429 | ... N7: =IFERROR((COUNTIFS('3-данные'!$A:$A,'3-2'!$A7,'3-данные'!$H:$H,'3-2'!N$1,'3-данные'!$E:$E,">=9")-COUNTIFS('3-данные'!$A:$A,'3-2'!$A7,'3-данные'!$H:$H,'3-2'!N$1,'3-данные'!$E:$E,">=6"))/COUNTIFS('3-данные'!$A:$A,'3-2'!$A7,'3-данные'!$H:$H,'3-2'!N$1,'3-данные'!$E:$E,">=0"),"")
A8: Петров Владимир Кириллович | B8: =IFERROR((COUNTIFS('3-данные'!$A:$A,'3-2'!$A8,'3-данные'!$H:$H,'3-2'!B$1,'3-данные'!$E:$E,">=9")-COUNTIFS('3-данные'!$A:$A,'3-2'!$A8,'3-данные'!$H:$H,'3-2'!B$1,'3-данные'!$E:$E,">=6"))/COUNTIFS('3-данные'!$A:$A,'3-2'!$A8,'3-данные'!$H:$H,'3-2'!B$1,'3-данные'!$E:$E,">=0"),"") -> -0.77777778 | C8: =IFERROR((COUNTIFS('3-данные'!$A:$A,'3-2'!$A8,'3-данные'!$H:$H,'3-2'!C$1,'3-данные'!$E:$E,">=9")-COUNTIFS('3-данные'!$A:$A,'3-2'!$A8,'3-данные'!$H:$H,'3-2'!C$1,'3-данные'!$E:$E,">=6"))/COUNTIFS('3-данные'!$A:$A,'3-2'!$A8,'3-данные'!$H:$H,'3-2'!C$1,'3-данные'!$E:$E,">=0"),"") -> -0.57142857 | D8: =IFERROR((COUNTIFS('3-данные'!$A:$A,'3-2'!$A8,'3-данные'!$H:$H,'3-2'!D$1,'3-данные'!$E:$E,">=9")-COUNTIFS('3-данные'!$A:$A,'3-2'!$A8,'3-данные'!$H:$H,'3-2'!D$1,'3-данные'!$E:$E,">=6"))/COUNTIFS('3-данные'!$A:$A,'3-2'!$A8,'3-данные'!$H:$H,'3-2'!D$1,'3-данные'!$E:$E,">=0"),"") -> -0.6 | E8: =IFERROR((COUNTIFS('3-данные'!$A:$A,'3-2'!$A8,'3-данные'!$H:$H,'3-2'!E$1,'3-данные'!$E:$E,">=9")-COUNTIFS('3-данные'!$A:$A,'3-2'!$A8,'3-данные'!$H:$H,'3-2'!E$1,'3-данные'!$E:$E,">=6"))/COUNTIFS('3-данные'!$A:$A,'3-2'!$A8,'3-данные'!$H:$H,'3-2'!E$1,'3-данные'!$E:$E,">=0"),"") -> -0.5 | F8: =IFERROR((COUNTIFS('3-данные'!$A:$A,'3-2'!$A8,'3-данные'!$H:$H,'3-2'!F$1,'3-данные'!$E:$E,">=9")-COUNTIFS('3-данные'!$A:$A,'3-2'!$A8,'3-данные'!$H:$H,'3-2'!F$1,'3-данные'!$E:$E,">=6"))/COUNTIFS('3-данные'!$A:$A,'3-2'!$A8,'3-данные'!$H:$H,'3-2'!F$1,'3-данные'!$E:$E,">=0"),"") -> -0.75 | G8: =IFERROR((COUNTIFS('3-данные'!$A:$A,'3-2'!$A8,'3-данные'!$H:$H,'3-2'!G$1,'3-данные'!$E:$E,">=9")-COUNTIFS('3-данные'!$A:$A,'3-2'!$A8,'3-данные'!$H:$H,'3-2'!G$1,'3-данные'!$E:$E,">=6"))/COUNTIFS('3-данные'!$A:$A,'3-2'!$A8,'3-данные'!$H:$H,'3-2'!G$1,'3-данные'!$E:$E,">=0"),"") -> -0.33333333 | H8: =IFERROR((COUNTIFS('3-данные'!$A:$A,'3-2'!$A8,'3-данные'!$H:$H,'3-2'!H$1,'3-данные'!$E:$E,">=9")-COUNTIFS('3-данные'!$A:$A,'3-2'!$A8,'3-данные'!$H:$H,'3-2'!H$1,'3-данные'!$E:$E,">=6"))/COUNTIFS('3-данные'!$A:$A,'3-2'!$A8,'3-данные'!$H:$H,'3-2'!H$1,'3-данные'!$E:$E,">=0"),"") -> -0.5 | I8: =IFERROR((COUNTIFS('3-данные'!$A:$A,'3-2'!$A8,'3-данные'!$H:$H,'3-2'!I$1,'3-данные'!$E:$E,">=9")-COUNTIFS('3-данные'!$A:$A,'3-2'!$A8,'3-данные'!$H:$H,'3-2'!I$1,'3-данные'!$E:$E,">=6"))/COUNTIFS('3-данные'!$A:$A,'3-2'!$A8,'3-данные'!$H:$H,'3-2'!I$1,'3-данные'!$E:$E,">=0"),"") -> -0.625 | ... N8: =IFERROR((COUNTIFS('3-данные'!$A:$A,'3-2'!$A8,'3-данные'!$H:$H,'3-2'!N$1,'3-данные'!$E:$E,">=9")-COUNTIFS('3-данные'!$A:$A,'3-2'!$A8,'3-данные'!$H:$H,'3-2'!N$1,'3-данные'!$E:$E,">=6"))/COUNTIFS('3-данные'!$A:$A,'3-2'!$A8,'3-данные'!$H:$H,'3-2'!N$1,'3-данные'!$E:$E,">=0"),"") -> -1
A9: Семенова Ирина Валерьевна | B9: =IFERROR((COUNTIFS('3-данные'!$A:$A,'3-2'!$A9,'3-данные'!$H:$H,'3-2'!B$1,'3-данные'!$E:$E,">=9")-COUNTIFS('3-данные'!$A:$A,'3-2'!$A9,'3-данные'!$H:$H,'3-2'!B$1,'3-данные'!$E:$E,">=6"))/COUNTIFS('3-данные'!$A:$A,'3-2'!$A9,'3-данные'!$H:$H,'3-2'!B$1,'3-данные'!$E:$E,">=0"),"") -> -0.25 | C9: =IFERROR((COUNTIFS('3-данные'!$A:$A,'3-2'!$A9,'3-данные'!$H:$H,'3-2'!C$1,'3-данные'!$E:$E,">=9")-COUNTIFS('3-данные'!$A:$A,'3-2'!$A9,'3-данные'!$H:$H,'3-2'!C$1,'3-данные'!$E:$E,">=6"))/COUNTIFS('3-данные'!$A:$A,'3-2'!$A9,'3-данные'!$H:$H,'3-2'!C$1,'3-данные'!$E:$E,">=0"),"") -> -0.28571429 | D9: =IFERROR((COUNTIFS('3-данные'!$A:$A,'3-2'!$A9,'3-данные'!$H:$H,'3-2'!D$1,'3-данные'!$E:$E,">=9")-COUNTIFS('3-данные'!$A:$A,'3-2'!$A9,'3-данные'!$H:$H,'3-2'!D$1,'3-данные'!$E:$E,">=6"))/COUNTIFS('3-данные'!$A:$A,'3-2'!$A9,'3-данные'!$H:$H,'3-2'!D$1,'3-данные'!$E:$E,">=0"),"") -> -0.75 | E9: =IFERROR((COUNTIFS('3-данные'!$A:$A,'3-2'!$A9,'3-данные'!$H:$H,'3-2'!E$1,'3-данные'!$E:$E,">=9")-COUNTIFS('3-данные'!$A:$A,'3-2'!$A9,'3-данные'!$H:$H,'3-2'!E$1,'3-данные'!$E:$E,">=6"))/COUNTIFS('3-данные'!$A:$A,'3-2'!$A9,'3-данные'!$H:$H,'3-2'!E$1,'3-данные'!$E:$E,">=0"),"") -> -0.25 | F9: =IFERROR((COUNTIFS('3-данные'!$A:$A,'3-2'!$A9,'3-данные'!$H:$H,'3-2'!F$1,'3-данные'!$E:$E,">=9")-COUNTIFS('3-данные'!$A:$A,'3-2'!$A9,'3-данные'!$H:$H,'3-2'!F$1,'3-данные'!$E:$E,">=6"))/COUNTIFS('3-данные'!$A:$A,'3-2'!$A9,'3-данные'!$H:$H,'3-2'!F$1,'3-данные'!$E:$E,">=0"),"") -> -0.66666667 | G9: =IFERROR((COUNTIFS('3-данные'!$A:$A,'3-2'!$A9,'3-данные'!$H:$H,'3-2'!G$1,'3-данные'!$E:$E,">=9")-COUNTIFS('3-данные'!$A:$A,'3-2'!$A9,'3-данные'!$H:$H,'3-2'!G$1,'3-данные'!$E:$E,">=6"))/COUNTIFS('3-данные'!$A:$A,'3-2'!$A9,'3-данные'!$H:$H,'3-2'!G$1,'3-данные'!$E:$E,">=0"),"") -> -0.55555556 | H9: =IFERROR((COUNTIFS('3-данные'!$A:$A,'3-2'!$A9,'3-данные'!$H:$H,'3-2'!H$1,'3-данные'!$E:$E,">=9")-COUNTIFS('3-данные'!$A:$A,'3-2'!$A9,'3-данные'!$H:$H,'3-2'!H$1,'3-данные'!$E:$E,">=6"))/COUNTIFS('3-данные'!$A:$A,'3-2'!$A9,'3-данные'!$H:$H,'3-2'!H$1,'3-данные'!$E:$E,">=0"),"") -> -0.5 | I9: =IFERROR((COUNTIFS('3-данные'!$A:$A,'3-2'!$A9,'3-данные'!$H:$H,'3-2'!I$1,'3-данные'!$E:$E,">=9")-COUNTIFS('3-данные'!$A:$A,'3-2'!$A9,'3-данные'!$H:$H,'3-2'!I$1,'3-данные'!$E:$E,">=6"))/COUNTIFS('3-данные'!$A:$A,'3-2'!$A9,'3-данные'!$H:$H,'3-2'!I$1,'3-данные'!$E:$E,">=0"),"") -> -0.75 | ... N9: =IFERROR((COUNTIFS('3-данные'!$A:$A,'3-2'!$A9,'3-данные'!$H:$H,'3-2'!N$1,'3-данные'!$E:$E,">=9")-COUNTIFS('3-данные'!$A:$A,'3-2'!$A9,'3-данные'!$H:$H,'3-2'!N$1,'3-данные'!$E:$E,">=6"))/COUNTIFS('3-данные'!$A:$A,'3-2'!$A9,'3-данные'!$H:$H,'3-2'!N$1,'3-данные'!$E:$E,">=0"),"")
A10: Сидорова Елена Васильевна | B10: =IFERROR((COUNTIFS('3-данные'!$A:$A,'3-2'!$A10,'3-данные'!$H:$H,'3-2'!B$1,'3-данные'!$E:$E,">=9")-COUNTIFS('3-данные'!$A:$A,'3-2'!$A10,'3-данные'!$H:$H,'3-2'!B$1,'3-данные'!$E:$E,">=6"))/COUNTIFS('3-данные'!$A:$A,'3-2'!$A10,'3-данные'!$H:$H,'3-2'!B$1,'3-данные'!$E:$E,">=0"),"") -> -0.66666667 | C10: =IFERROR((COUNTIFS('3-данные'!$A:$A,'3-2'!$A10,'3-данные'!$H:$H,'3-2'!C$1,'3-данные'!$E:$E,">=9")-COUNTIFS('3-данные'!$A:$A,'3-2'!$A10,'3-данные'!$H:$H,'3-2'!C$1,'3-данные'!$E:$E,">=6"))/COUNTIFS('3-данные'!$A:$A,'3-2'!$A10,'3-данные'!$H:$H,'3-2'!C$1,'3-данные'!$E:$E,">=0"),"") -> -0.28571429 | D10: =IFERROR((COUNTIFS('3-данные'!$A:$A,'3-2'!$A10,'3-данные'!$H:$H,'3-2'!D$1,'3-данные'!$E:$E,">=9")-COUNTIFS('3-данные'!$A:$A,'3-2'!$A10,'3-данные'!$H:$H,'3-2'!D$1,'3-данные'!$E:$E,">=6"))/COUNTIFS('3-данные'!$A:$A,'3-2'!$A10,'3-данные'!$H:$H,'3-2'!D$1,'3-данные'!$E:$E,">=0"),"") -> -0.33333333 | E10: =IFERROR((COUNTIFS('3-данные'!$A:$A,'3-2'!$A10,'3-данные'!$H:$H,'3-2'!E$1,'3-данные'!$E:$E,">=9")-COUNTIFS('3-данные'!$A:$A,'3-2'!$A10,'3-данные'!$H:$H,'3-2'!E$1,'3-данные'!$E:$E,">=6"))/COUNTIFS('3-данные'!$A:$A,'3-2'!$A10,'3-данные'!$H:$H,'3-2'!E$1,'3-данные'!$E:$E,">=0"),"") -> -0.2 | F10: =IFERROR((COUNTIFS('3-данные'!$A:$A,'3-2'!$A10,'3-данные'!$H:$H,'3-2'!F$1,'3-данные'!$E:$E,">=9")-COUNTIFS('3-данные'!$A:$A,'3-2'!$A10,'3-данные'!$H:$H,'3-2'!F$1,'3-данные'!$E:$E,">=6"))/COUNTIFS('3-данные'!$A:$A,'3-2'!$A10,'3-данные'!$H:$H,'3-2'!F$1,'3-данные'!$E:$E,">=0"),"") -> -0.55555556 | G10: =IFERROR((COUNTIFS('3-данные'!$A:$A,'3-2'!$A10,'3-данные'!$H:$H,'3-2'!G$1,'3-данные'!$E:$E,">=9")-COUNTIFS('3-данные'!$A:$A,'3-2'!$A10,'3-данные'!$H:$H,'3-2'!G$1,'3-данные'!$E:$E,">=6"))/COUNTIFS('3-данные'!$A:$A,'3-2'!$A10,'3-данные'!$H:$H,'3-2'!G$1,'3-данные'!$E:$E,">=0"),"") -> -0.5 | H10: =IFERROR((COUNTIFS('3-данные'!$A:$A,'3-2'!$A10,'3-данные'!$H:$H,'3-2'!H$1,'3-данные'!$E:$E,">=9")-COUNTIFS('3-данные'!$A:$A,'3-2'!$A10,'3-данные'!$H:$H,'3-2'!H$1,'3-данные'!$E:$E,">=6"))/COUNTIFS('3-данные'!$A:$A,'3-2'!$A10,'3-данные'!$H:$H,'3-2'!H$1,'3-данные'!$E:$E,">=0"),"") -> -1 | I10: =IFERROR((COUNTIFS('3-данные'!$A:$A,'3-2'!$A10,'3-данные'!$H:$H,'3-2'!I$1,'3-данные'!$E:$E,">=9")-COUNTIFS('3-данные'!$A:$A,'3-2'!$A10,'3-данные'!$H:$H,'3-2'!I$1,'3-данные'!$E:$E,">=6"))/COUNTIFS('3-данные'!$A:$A,'3-2'!$A10,'3-данные'!$H:$H,'3-2'!I$1,'3-данные'!$E:$E,">=0"),"") -> -0.42857143 | ... N10: =IFERROR((COUNTIFS('3-данные'!$A:$A,'3-2'!$A10,'3-данные'!$H:$H,'3-2'!N$1,'3-данные'!$E:$E,">=9")-COUNTIFS('3-данные'!$A:$A,'3-2'!$A10,'3-данные'!$H:$H,'3-2'!N$1,'3-данные'!$E:$E,">=6"))/COUNTIFS('3-данные'!$A:$A,'3-2'!$A10,'3-данные'!$H:$H,'3-2'!N$1,'3-данные'!$E:$E,">=0"),"")
A11: Ткаченко Андрей Олегович | B11: =IFERROR((COUNTIFS('3-данные'!$A:$A,'3-2'!$A11,'3-данные'!$H:$H,'3-2'!B$1,'3-данные'!$E:$E,">=9")-COUNTIFS('3-данные'!$A:$A,'3-2'!$A11,'3-данные'!$H:$H,'3-2'!B$1,'3-данные'!$E:$E,">=6"))/COUNTIFS('3-данные'!$A:$A,'3-2'!$A11,'3-данные'!$H:$H,'3-2'!B$1,'3-данные'!$E:$E,">=0"),"") -> -0.28571429 | C11: =IFERROR((COUNTIFS('3-данные'!$A:$A,'3-2'!$A11,'3-данные'!$H:$H,'3-2'!C$1,'3-данные'!$E:$E,">=9")-COUNTIFS('3-данные'!$A:$A,'3-2'!$A11,'3-данные'!$H:$H,'3-2'!C$1,'3-данные'!$E:$E,">=6"))/COUNTIFS('3-данные'!$A:$A,'3-2'!$A11,'3-данные'!$H:$H,'3-2'!C$1,'3-данные'!$E:$E,">=0"),"") -> -0.71428571 | D11: =IFERROR((COUNTIFS('3-данные'!$A:$A,'3-2'!$A11,'3-данные'!$H:$H,'3-2'!D$1,'3-данные'!$E:$E,">=9")-COUNTIFS('3-данные'!$A:$A,'3-2'!$A11,'3-данные'!$H:$H,'3-2'!D$1,'3-данные'!$E:$E,">=6"))/COUNTIFS('3-данные'!$A:$A,'3-2'!$A11,'3-данные'!$H:$H,'3-2'!D$1,'3-данные'!$E:$E,">=0"),"") -> -0.42857143 | E11: =IFERROR((COUNTIFS('3-данные'!$A:$A,'3-2'!$A11,'3-данные'!$H:$H,'3-2'!E$1,'3-данные'!$E:$E,">=9")-COUNTIFS('3-данные'!$A:$A,'3-2'!$A11,'3-данные'!$H:$H,'3-2'!E$1,'3-данные'!$E:$E,">=6"))/COUNTIFS('3-данные'!$A:$A,'3-2'!$A11,'3-данные'!$H:$H,'3-2'!E$1,'3-данные'!$E:$E,">=0"),"") -> -0.625 | F11: =IFERROR((COUNTIFS('3-данные'!$A:$A,'3-2'!$A11,'3-данные'!$H:$H,'3-2'!F$1,'3-данные'!$E:$E,">=9")-COUNTIFS('3-данные'!$A:$A,'3-2'!$A11,'3-данные'!$H:$H,'3-2'!F$1,'3-данные'!$E:$E,">=6"))/COUNTIFS('3-данные'!$A:$A,'3-2'!$A11,'3-данные'!$H:$H,'3-2'!F$1,'3-данные'!$E:$E,">=0"),"") -> -0.42857143 | G11: =IFERROR((COUNTIFS('3-данные'!$A:$A,'3-2'!$A11,'3-данные'!$H:$H,'3-2'!G$1,'3-данные'!$E:$E,">=9")-COUNTIFS('3-данные'!$A:$A,'3-2'!$A11,'3-данные'!$H:$H,'3-2'!G$1,'3-данные'!$E:$E,">=6"))/COUNTIFS('3-данные'!$A:$A,'3-2'!$A11,'3-данные'!$H:$H,'3-2'!G$1,'3-данные'!$E:$E,">=0"),"") -> -0.5 | H11: =IFERROR((COUNTIFS('3-данные'!$A:$A,'3-2'!$A11,'3-данные'!$H:$H,'3-2'!H$1,'3-данные'!$E:$E,">=9")-COUNTIFS('3-данные'!$A:$A,'3-2'!$A11,'3-данные'!$H:$H,'3-2'!H$1,'3-данные'!$E:$E,">=6"))/COUNTIFS('3-данные'!$A:$A,'3-2'!$A11,'3-данные'!$H:$H,'3-2'!H$1,'3-данные'!$E:$E,">=0"),"") -> -0.75 | I11: =IFERROR((COUNTIFS('3-данные'!$A:$A,'3-2'!$A11,'3-данные'!$H:$H,'3-2'!I$1,'3-данные'!$E:$E,">=9")-COUNTIFS('3-данные'!$A:$A,'3-2'!$A11,'3-данные'!$H:$H,'3-2'!I$1,'3-данные'!$E:$E,">=6"))/COUNTIFS('3-данные'!$A:$A,'3-2'!$A11,'3-данные'!$H:$H,'3-2'!I$1,'3-данные'!$E:$E,">=0"),"") -> -0.57142857 | ... N11: =IFERROR((COUNTIFS('3-данные'!$A:$A,'3-2'!$A11,'3-данные'!$H:$H,'3-2'!N$1,'3-данные'!$E:$E,">=9")-COUNTIFS('3-данные'!$A:$A,'3-2'!$A11,'3-данные'!$H:$H,'3-2'!N$1,'3-данные'!$E:$E,">=6"))/COUNTIFS('3-данные'!$A:$A,'3-2'!$A11,'3-данные'!$H:$H,'3-2'!N$1,'3-данные'!$E:$E,">=0"),"")
A12: Фролов Сергей Викторович | B12: =IFERROR((COUNTIFS('3-данные'!$A:$A,'3-2'!$A12,'3-данные'!$H:$H,'3-2'!B$1,'3-данные'!$E:$E,">=9")-COUNTIFS('3-данные'!$A:$A,'3-2'!$A12,'3-данные'!$H:$H,'3-2'!B$1,'3-данные'!$E:$E,">=6"))/COUNTIFS('3-данные'!$A:$A,'3-2'!$A12,'3-данные'!$H:$H,'3-2'!B$1,'3-данные'!$E:$E,">=0"),"") -> -0.66666667 | C12: =IFERROR((COUNTIFS('3-данные'!$A:$A,'3-2'!$A12,'3-данные'!$H:$H,'3-2'!C$1,'3-данные'!$E:$E,">=9")-COUNTIFS('3-данные'!$A:$A,'3-2'!$A12,'3-данные'!$H:$H,'3-2'!C$1,'3-данные'!$E:$E,">=6"))/COUNTIFS('3-данные'!$A:$A,'3-2'!$A12,'3-данные'!$H:$H,'3-2'!C$1,'3-данные'!$E:$E,">=0"),"") -> -0.28571429 | D12: =IFERROR((COUNTIFS('3-данные'!$A:$A,'3-2'!$A12,'3-данные'!$H:$H,'3-2'!D$1,'3-данные'!$E:$E,">=9")-COUNTIFS('3-данные'!$A:$A,'3-2'!$A12,'3-данные'!$H:$H,'3-2'!D$1,'3-данные'!$E:$E,">=6"))/COUNTIFS('3-данные'!$A:$A,'3-2'!$A12,'3-данные'!$H:$H,'3-2'!D$1,'3-данные'!$E:$E,">=0"),"") -> -0.5 | E12: =IFERROR((COUNTIFS('3-данные'!$A:$A,'3-2'!$A12,'3-данные'!$H:$H,'3-2'!E$1,'3-данные'!$E:$E,">=9")-COUNTIFS('3-данные'!$A:$A,'3-2'!$A12,'3-данные'!$H:$H,'3-2'!E$1,'3-данные'!$E:$E,">=6"))/COUNTIFS('3-данные'!$A:$A,'3-2'!$A12,'3-данные'!$H:$H,'3-2'!E$1,'3-данные'!$E:$E,">=0"),"") -> -0.16666667 | F12: =IFERROR((COUNTIFS('3-данные'!$A:$A,'3-2'!$A12,'3-данные'!$H:$H,'3-2'!F$1,'3-данные'!$E:$E,">=9")-COUNTIFS('3-данные'!$A:$A,'3-2'!$A12,'3-данные'!$H:$H,'3-2'!F$1,'3-данные'!$E:$E,">=6"))/COUNTIFS('3-данные'!$A:$A,'3-2'!$A12,'3-данные'!$H:$H,'3-2'!F$1,'3-данные'!$E:$E,">=0"),"") -> 0 | G12: =IFERROR((COUNTIFS('3-данные'!$A:$A,'3-2'!$A12,'3-данные'!$H:$H,'3-2'!G$1,'3-данные'!$E:$E,">=9")-COUNTIFS('3-данные'!$A:$A,'3-2'!$A12,'3-данные'!$H:$H,'3-2'!G$1,'3-данные'!$E:$E,">=6"))/COUNTIFS('3-данные'!$A:$A,'3-2'!$A12,'3-данные'!$H:$H,'3-2'!G$1,'3-данные'!$E:$E,">=0"),"") -> -0.875 | H12: =IFERROR((COUNTIFS('3-данные'!$A:$A,'3-2'!$A12,'3-данные'!$H:$H,'3-2'!H$1,'3-данные'!$E:$E,">=9")-COUNTIFS('3-данные'!$A:$A,'3-2'!$A12,'3-данные'!$H:$H,'3-2'!H$1,'3-данные'!$E:$E,">=6"))/COUNTIFS('3-данные'!$A:$A,'3-2'!$A12,'3-данные'!$H:$H,'3-2'!H$1,'3-данные'!$E:$E,">=0"),"") -> -1 | I12: =IFERROR((COUNTIFS('3-данные'!$A:$A,'3-2'!$A12,'3-данные'!$H:$H,'3-2'!I$1,'3-данные'!$E:$E,">=9")-COUNTIFS('3-данные'!$A:$A,'3-2'!$A12,'3-данные'!$H:$H,'3-2'!I$1,'3-данные'!$E:$E,">=6"))/COUNTIFS('3-данные'!$A:$A,'3-2'!$A12,'3-данные'!$H:$H,'3-2'!I$1,'3-данные'!$E:$E,">=0"),"") -> -0.5 | ... N12: =IFERROR((COUNTIFS('3-данные'!$A:$A,'3-2'!$A12,'3-данные'!$H:$H,'3-2'!N$1,'3-данные'!$E:$E,">=9")-COUNTIFS('3-данные'!$A:$A,'3-2'!$A12,'3-данные'!$H:$H,'3-2'!N$1,'3-данные'!$E:$E,">=6"))/COUNTIFS('3-данные'!$A:$A,'3-2'!$A12,'3-данные'!$H:$H,'3-2'!N$1,'3-данные'!$E:$E,">=0"),"") -> -0.66666667
A13: Яковлев Артем Игоревич | B13: =IFERROR((COUNTIFS('3-данные'!$A:$A,'3-2'!$A13,'3-данные'!$H:$H,'3-2'!B$1,'3-данные'!$E:$E,">=9")-COUNTIFS('3-данные'!$A:$A,'3-2'!$A13,'3-данные'!$H:$H,'3-2'!B$1,'3-данные'!$E:$E,">=6"))/COUNTIFS('3-данные'!$A:$A,'3-2'!$A13,'3-данные'!$H:$H,'3-2'!B$1,'3-данные'!$E:$E,">=0"),"") -> -0.375 | C13: =IFERROR((COUNTIFS('3-данные'!$A:$A,'3-2'!$A13,'3-данные'!$H:$H,'3-2'!C$1,'3-данные'!$E:$E,">=9")-COUNTIFS('3-данные'!$A:$A,'3-2'!$A13,'3-данные'!$H:$H,'3-2'!C$1,'3-данные'!$E:$E,">=6"))/COUNTIFS('3-данные'!$A:$A,'3-2'!$A13,'3-данные'!$H:$H,'3-2'!C$1,'3-данные'!$E:$E,">=0"),"") -> -0.66666667 | D13: =IFERROR((COUNTIFS('3-данные'!$A:$A,'3-2'!$A13,'3-данные'!$H:$H,'3-2'!D$1,'3-данные'!$E:$E,">=9")-COUNTIFS('3-данные'!$A:$A,'3-2'!$A13,'3-данные'!$H:$H,'3-2'!D$1,'3-данные'!$E:$E,">=6"))/COUNTIFS('3-данные'!$A:$A,'3-2'!$A13,'3-данные'!$H:$H,'3-2'!D$1,'3-данные'!$E:$E,">=0"),"") -> -0.4 | E13: =IFERROR((COUNTIFS('3-данные'!$A:$A,'3-2'!$A13,'3-данные'!$H:$H,'3-2'!E$1,'3-данные'!$E:$E,">=9")-COUNTIFS('3-данные'!$A:$A,'3-2'!$A13,'3-данные'!$H:$H,'3-2'!E$1,'3-данные'!$E:$E,">=6"))/COUNTIFS('3-данные'!$A:$A,'3-2'!$A13,'3-данные'!$H:$H,'3-2'!E$1,'3-данные'!$E:$E,">=0"),"") -> -0.66666667 | F13: =IFERROR((COUNTIFS('3-данные'!$A:$A,'3-2'!$A13,'3-данные'!$H:$H,'3-2'!F$1,'3-данные'!$E:$E,">=9")-COUNTIFS('3-данные'!$A:$A,'3-2'!$A13,'3-данные'!$H:$H,'3-2'!F$1,'3-данные'!$E:$E,">=6"))/COUNTIFS('3-данные'!$A:$A,'3-2'!$A13,'3-данные'!$H:$H,'3-2'!F$1,'3-данные'!$E:$E,">=0"),"") -> -0.33333333 | G13: =IFERROR((COUNTIFS('3-данные'!$A:$A,'3-2'!$A13,'3-данные'!$H:$H,'3-2'!G$1,'3-данные'!$E:$E,">=9")-COUNTIFS('3-данные'!$A:$A,'3-2'!$A13,'3-данные'!$H:$H,'3-2'!G$1,'3-данные'!$E:$E,">=6"))/COUNTIFS('3-данные'!$A:$A,'3-2'!$A13,'3-данные'!$H:$H,'3-2'!G$1,'3-данные'!$E:$E,">=0"),"") -> -0.4 | H13: =IFERROR((COUNTIFS('3-данные'!$A:$A,'3-2'!$A13,'3-данные'!$H:$H,'3-2'!H$1,'3-данные'!$E:$E,">=9")-COUNTIFS('3-данные'!$A:$A,'3-2'!$A13,'3-данные'!$H:$H,'3-2'!H$1,'3-данные'!$E:$E,">=6"))/COUNTIFS('3-данные'!$A:$A,'3-2'!$A13,'3-данные'!$H:$H,'3-2'!H$1,'3-данные'!$E:$E,">=0"),"") -> -0.72727273 | I13: =IFERROR((COUNTIFS('3-данные'!$A:$A,'3-2'!$A13,'3-данные'!$H:$H,'3-2'!I$1,'3-данные'!$E:$E,">=9")-COUNTIFS('3-данные'!$A:$A,'3-2'!$A13,'3-данные'!$H:$H,'3-2'!I$1,'3-данные'!$E:$E,">=6"))/COUNTIFS('3-данные'!$A:$A,'3-2'!$A13,'3-данные'!$H:$H,'3-2'!I$1,'3-данные'!$E:$E,">=0"),"") -> -0.44444444 | ... N13: =IFERROR((COUNTIFS('3-данные'!$A:$A,'3-2'!$A13,'3-данные'!$H:$H,'3-2'!N$1,'3-данные'!$E:$E,">=9")-COUNTIFS('3-данные'!$A:$A,'3-2'!$A13,'3-данные'!$H:$H,'3-2'!N$1,'3-данные'!$E:$E,">=6"))/COUNTIFS('3-данные'!$A:$A,'3-2'!$A13,'3-данные'!$H:$H,'3-2'!N$1,'3-данные'!$E:$E,">=0"),"")

Sheet 3-3
A1: ФИО Менеджера (по алфавиту) | B1: 2023-9 | C1: 2023-10 | D1: 2023-11 | E1: 2023-12 | F1: 2024-1 | G1: 2024-2 | H1: 2024-3 | I1: 2024-4 | J1: 2024-5 | K1: 2024-6 | L1: 2024-7 | M1: 2024-8 | N1: 2024-9
A2: Белов Алексей Константинович | B2: =IFERROR(AVERAGEIFS('3-данные'!$D:$D,'3-данные'!$A:$A,'3-3'!$A2,'3-данные'!$H:$H,'3-3'!B$1),"") -> 68048.167 | C2: =IFERROR(AVERAGEIFS('3-данные'!$D:$D,'3-данные'!$A:$A,'3-3'!$A2,'3-данные'!$H:$H,'3-3'!C$1),"") -> 56320.143 | D2: =IFERROR(AVERAGEIFS('3-данные'!$D:$D,'3-данные'!$A:$A,'3-3'!$A2,'3-данные'!$H:$H,'3-3'!D$1),"") -> 77726.429 | E2: =IFERROR(AVERAGEIFS('3-данные'!$D:$D,'3-данные'!$A:$A,'3-3'!$A2,'3-данные'!$H:$H,'3-3'!E$1),"") -> 47020.333 | F2: =IFERROR(AVERAGEIFS('3-данные'!$D:$D,'3-данные'!$A:$A,'3-3'!$A2,'3-данные'!$H:$H,'3-3'!F$1),"") -> 60518 | G2: =IFERROR(AVERAGEIFS('3-данные'!$D:$D,'3-данные'!$A:$A,'3-3'!$A2,'3-данные'!$H:$H,'3-3'!G$1),"") -> 40601.571 | H2: =IFERROR(AVERAGEIFS('3-данные'!$D:$D,'3-данные'!$A:$A,'3-3'!$A2,'3-данные'!$H:$H,'3-3'!H$1),"") -> 67500.364 | I2: =IFERROR(AVERAGEIFS('3-данные'!$D:$D,'3-данные'!$A:$A,'3-3'!$A2,'3-данные'!$H:$H,'3-3'!I$1),"") -> 55794.429 | ... N2: =IFERROR(AVERAGEIFS('3-данные'!$D:$D,'3-данные'!$A:$A,'3-3'!$A2,'3-данные'!$H:$H,'3-3'!N$1),"")
A3: Громова Мария Ильинична | B3: =IFERROR(AVERAGEIFS('3-данные'!$D:$D,'3-данные'!$A:$A,'3-3'!$A3,'3-данные'!$H:$H,'3-3'!B$1),"") -> 45902.4 | C3: =IFERROR(AVERAGEIFS('3-данные'!$D:$D,'3-данные'!$A:$A,'3-3'!$A3,'3-данные'!$H:$H,'3-3'!C$1),"") -> 65944.429 | D3: =IFERROR(AVERAGEIFS('3-данные'!$D:$D,'3-данные'!$A:$A,'3-3'!$A3,'3-данные'!$H:$H,'3-3'!D$1),"") -> 52836.429 | E3: =IFERROR(AVERAGEIFS('3-данные'!$D:$D,'3-данные'!$A:$A,'3-3'!$A3,'3-данные'!$H:$H,'3-3'!E$1),"") -> 45186.833 | F3: =IFERROR(AVERAGEIFS('3-данные'!$D:$D,'3-данные'!$A:$A,'3-3'!$A3,'3-данные'!$H:$H,'3-3'!F$1),"") -> 33117.667 | G3: =IFERROR(AVERAGEIFS('3-данные'!$D:$D,'3-данные'!$A:$A,'3-3'!$A3,'3-данные'!$H:$H,'3-3'!G$1),"") -> 66434 | H3: =IFERROR(AVERAGEIFS('3-данные'!$D:$D,'3-данные'!$A:$A,'3-3'!$A3,'3-данные'!$H:$H,'3-3'!H$1),"") -> 41246.455 | I3: =IFERROR(AVERAGEIFS('3-данные'!$D:$D,'3-данные'!$A:$A,'3-3'!$A3,'3-данные'!$H:$H,'3-3'!I$1),"") -> 48045.8 | ... N3: =IFERROR(AVERAGEIFS('3-данные'!$D:$D,'3-данные'!$A:$A,'3-3'!$A3,'3-данные'!$H:$H,'3-3'!N$1),"")
A4: Иванова Анна Сергеевна | B4: =IFERROR(AVERAGEIFS('3-данные'!$D:$D,'3-данные'!$A:$A,'3-3'!$A4,'3-данные'!$H:$H,'3-3'!B$1),"") -> 56377.5 | C4: =IFERROR(AVERAGEIFS('3-данные'!$D:$D,'3-данные'!$A:$A,'3-3'!$A4,'3-данные'!$H:$H,'3-3'!C$1),"") -> 54299.182 | D4: =IFERROR(AVERAGEIFS('3-данные'!$D:$D,'3-данные'!$A:$A,'3-3'!$A4,'3-данные'!$H:$H,'3-3'!D$1),"") -> 52224 | E4: =IFERROR(AVERAGEIFS('3-данные'!$D:$D,'3-данные'!$A:$A,'3-3'!$A4,'3-данные'!$H:$H,'3-3'!E$1),"") -> 50827.333 | F4: =IFERROR(AVERAGEIFS('3-данные'!$D:$D,'3-данные'!$A:$A,'3-3'!$A4,'3-данные'!$H:$H,'3-3'!F$1),"") -> 54316 | G4: =IFERROR(AVERAGEIFS('3-данные'!$D:$D,'3-данные'!$A:$A,'3-3'!$A4,'3-данные'!$H:$H,'3-3'!G$1),"") -> 63998.571 | H4: =IFERROR(AVERAGEIFS('3-данные'!$D:$D,'3-данные'!$A:$A,'3-3'!$A4,'3-данные'!$H:$H,'3-3'!H$1),"") -> 52332.5 | I4: =IFERROR(AVERAGEIFS('3-данные'!$D:$D,'3-данные'!$A:$A,'3-3'!$A4,'3-данные'!$H:$H,'3-3'!I$1),"") -> 61575.5 | ... N4: =IFERROR(AVERAGEIFS('3-данные'!$D:$D,'3-данные'!$A:$A,'3-3'!$A4,'3-данные'!$H:$H,'3-3'!N$1),"")
A5: Кузнецов Дмитрий Львович | B5: =IFERROR(AVERAGEIFS('3-данные'!$D:$D,'3-данные'!$A:$A,'3-3'!$A5,'3-данные'!$H:$H,'3-3'!B$1),"") -> 59533.9 | C5: =IFERROR(AVERAGEIFS('3-данные'!$D:$D,'3-данные'!$A:$A,'3-3'!$A5,'3-данные'!$H:$H,'3-3'!C$1),"") -> 50046.667 | D5: =IFERROR(AVERAGEIFS('3-данные'!$D:$D,'3-данные'!$A:$A,'3-3'!$A5,'3-данные'!$H:$H,'3-3'!D$1),"") -> 34732.25 | E5: =IFERROR(AVERAGEIFS('3-данные'!$D:$D,'3-данные'!$A:$A,'3-3'!$A5,'3-данные'!$H:$H,'3-3'!E$1),"") -> 53202.6 | F5: =IFERROR(AVERAGEIFS('3-данные'!$D:$D,'3-данные'!$A:$A,'3-3'!$A5,'3-данные'!$H:$H,'3-3'!F$1),"") -> 30210.2 | G5: =IFERROR(AVERAGEIFS('3-данные'!$D:$D,'3-данные'!$A:$A,'3-3'!$A5,'3-данные'!$H:$H,'3-3'!G$1),"") -> 58470.125 | H5: =IFERROR(AVERAGEIFS('3-данные'!$D:$D,'3-данные'!$A:$A,'3-3'!$A5,'3-данные'!$H:$H,'3-3'!H$1),"") -> 65408.75 | I5: =IFERROR(AVERAGEIFS('3-данные'!$D:$D,'3-данные'!$A:$A,'3-3'!$A5,'3-данные'!$H:$H,'3-3'!I$1),"") -> 54155.143 | ... N5: =IFERROR(AVERAGEIFS('3-данные'!$D:$D,'3-данные'!$A:$A,'3-3'!$A5,'3-данные'!$H:$H,'3-3'!N$1),"")
A6: Новикова Ольга Петровна | B6: =IFERROR(AVERAGEIFS('3-данные'!$D:$D,'3-данные'!$A:$A,'3-3'!$A6,'3-данные'!$H:$H,'3-3'!B$1),"") -> 49830.625 | C6: =IFERROR(AVERAGEIFS('3-данные'!$D:$D,'3-данные'!$A:$A,'3-3'!$A6,'3-данные'!$H:$H,'3-3'!C$1),"") -> 39063.4 | D6: =IFERROR(AVERAGEIFS('3-данные'!$D:$D,'3-данные'!$A:$A,'3-3'!$A6,'3-данные'!$H:$H,'3-3'!D$1),"") -> 51821.5 | E6: =IFERROR(AVERAGEIFS('3-данные'!$D:$D,'3-данные'!$A:$A,'3-3'!$A6,'3-данные'!$H:$H,'3-3'!E$1),"") -> 65806.2 | F6: =IFERROR(AVERAGEIFS('3-данные'!$D:$D,'3-данные'!$A:$A,'3-3'!$A6,'3-данные'!$H:$H,'3-3'!F$1),"") -> 52326.286 | G6: =IFERROR(AVERAGEIFS('3-данные'!$D:$D,'3-данные'!$A:$A,'3-3'!$A6,'3-данные'!$H:$H,'3-3'!G$1),"") -> 47382 | H6: =IFERROR(AVERAGEIFS('3-данные'!$D:$D,'3-данные'!$A:$A,'3-3'!$A6,'3-данные'!$H:$H,'3-3'!H$1),"") -> 69335.8 | I6: =IFERROR(AVERAGEIFS('3-данные'!$D:$D,'3-данные'!$A:$A,'3-3'!$A6,'3-данные'!$H:$H,'3-3'!I$1),"") -> 69317.571 | ... N6: =IFERROR(AVERAGEIFS('3-данные'!$D:$D,'3-данные'!$A:$A,'3-3'!$A6,'3-данные'!$H:$H,'3-3'!N$1),"") -> 99849
A7: Орлов Павел Денисович | B7: =IFERROR(AVERAGEIFS('3-данные'!$D:$D,'3-данные'!$A:$A,'3-3'!$A7,'3-данные'!$H:$H,'3-3'!B$1),"") -> 46172.375 | C7: =IFERROR(AVERAGEIFS('3-данные'!$D:$D,'3-данные'!$A:$A,'3-3'!$A7,'3-данные'!$H:$H,'3-3'!C$1),"") -> 74997.8 | D7: =IFERROR(AVERAGEIFS('3-данные'!$D:$D,'3-данные'!$A:$A,'3-3'!$A7,'3-данные'!$H:$H,'3-3'!D$1),"") -> 48777.222 | E7: =IFERROR(AVERAGEIFS('3-данные'!$D:$D,'3-данные'!$A:$A,'3-3'!$A7,'3-данные'!$H:$H,'3-3'!E$1),"") -> 42171.25 | F7: =IFERROR(AVERAGEIFS('3-данные'!$D:$D,'3-данные'!$A:$A,'3-3'!$A7,'3-данные'!$H:$H,'3-3'!F$1),"") -> 54098.778 | G7: =IFERROR(AVERAGEIFS('3-данные'!$D:$D,'3-данные'!$A:$A,'3-3'!$A7,'3-данные'!$H:$H,'3-3'!G$1),"") -> 73604.667 | H7: =IFERROR(AVERAGEIFS('3-данные'!$D:$D,'3-данные'!$A:$A,'3-3'!$A7,'3-данные'!$H:$H,'3-3'!H$1),"") -> 65004.625 | I7: =IFERROR(AVERAGEIFS('3-данные'!$D:$D,'3-данные'!$A:$A,'3-3'!$A7,'3-данные'!$H:$H,'3-3'!I$1),"") -> 45980.429 | ... N7: =IFERROR(AVERAGEIFS('3-данные'!$D:$D,'3-данные'!$A:$A,'3-3'!$A7,'3-данные'!$H:$H,'3-3'!N$1),"")
A8: Петров Владимир Кириллович | B8: =IFERROR(AVERAGEIFS('3-данные'!$D:$D,'3-данные'!$A:$A,'3-3'!$A8,'3-данные'!$H:$H,'3-3'!B$1),"") -> 57696.778 | C8: =IFERROR(AVERAGEIFS('3-данные'!$D:$D,'3-данные'!$A:$A,'3-3'!$A8,'3-данные'!$H:$H,'3-3'!C$1),"") -> 31626.429 | D8: =IFERROR(AVERAGEIFS('3-данные'!$D:$D,'3-данные'!$A:$A,'3-3'!$A8,'3-данные'!$H:$H,'3-3'!D$1),"") -> 55117.5 | E8: =IFERROR(AVERAGEIFS('3-данные'!$D:$D,'3-данные'!$A:$A,'3-3'!$A8,'3-данные'!$H:$H,'3-3'!E$1),"") -> 54209.167 | F8: =IFERROR(AVERAGEIFS('3-данные'!$D:$D,'3-данные'!$A:$A,'3-3'!$A8,'3-данные'!$H:$H,'3-3'!F$1),"") -> 51878.75 | G8: =IFERROR(AVERAGEIFS('3-данные'!$D:$D,'3-данные'!$A:$A,'3-3'!$A8,'3-данные'!$H:$H,'3-3'!G$1),"") -> 39875.333 | H8: =IFERROR(AVERAGEIFS('3-данные'!$D:$D,'3-данные'!$A:$A,'3-3'!$A8,'3-данные'!$H:$H,'3-3'!H$1),"") -> 36183.5 | I8: =IFERROR(AVERAGEIFS('3-данные'!$D:$D,'3-данные'!$A:$A,'3-3'!$A8,'3-данные'!$H:$H,'3-3'!I$1),"") -> 64146.812 | ... N8: =IFERROR(AVERAGEIFS('3-данные'!$D:$D,'3-данные'!$A:$A,'3-3'!$A8,'3-данные'!$H:$H,'3-3'!N$1),"") -> 37517
A9: Семенова Ирина Валерьевна | B9: =IFERROR(AVERAGEIFS('3-данные'!$D:$D,'3-данные'!$A:$A,'3-3'!$A9,'3-данные'!$H:$H,'3-3'!B$1),"") -> 41726 | C9: =IFERROR(AVERAGEIFS('3-данные'!$D:$D,'3-данные'!$A:$A,'3-3'!$A9,'3-данные'!$H:$H,'3-3'!C$1),"") -> 66934.429 | D9: =IFERROR(AVERAGEIFS('3-данные'!$D:$D,'3-данные'!$A:$A,'3-3'!$A9,'3-данные'!$H:$H,'3-3'!D$1),"") -> 62802.875 | E9: =IFERROR(AVERAGEIFS('3-данные'!$D:$D,'3-данные'!$A:$A,'3-3'!$A9,'3-данные'!$H:$H,'3-3'!E$1),"") -> 50496.5 | F9: =IFERROR(AVERAGEIFS('3-данные'!$D:$D,'3-данные'!$A:$A,'3-3'!$A9,'3-данные'!$H:$H,'3-3'!F$1),"") -> 57190.667 | G9: =IFERROR(AVERAGEIFS('3-данные'!$D:$D,'3-данные'!$A:$A,'3-3'!$A9,'3-данные'!$H:$H,'3-3'!G$1),"") -> 78111.778 | H9: =IFERROR(AVERAGEIFS('3-данные'!$D:$D,'3-данные'!$A:$A,'3-3'!$A9,'3-данные'!$H:$H,'3-3'!H$1),"") -> 38452 | I9: =IFERROR(AVERAGEIFS('3-данные'!$D:$D,'3-данные'!$A:$A,'3-3'!$A9,'3-данные'!$H:$H,'3-3'!I$1),"") -> 64941.625 | ... N9: =IFERROR(AVERAGEIFS('3-данные'!$D:$D,'3-данные'!$A:$A,'3-3'!$A9,'3-данные'!$H:$H,'3-3'!N$1),"")
A10: Сидорова Елена Васильевна | B10: =IFERROR(AVERAGEIFS('3-данные'!$D:$D,'3-данные'!$A:$A,'3-3'!$A10,'3-данные'!$H:$H,'3-3'!B$1),"") -> 62001.667 | C10: =IFERROR(AVERAGEIFS('3-данные'!$D:$D,'3-данные'!$A:$A,'3-3'!$A10,'3-данные'!$H:$H,'3-3'!C$1),"") -> 59236.857 | D10: =IFERROR(AVERAGEIFS('3-данные'!$D:$D,'3-данные'!$A:$A,'3-3'!$A10,'3-данные'!$H:$H,'3-3'!D$1),"") -> 68926.333 | E10: =IFERROR(AVERAGEIFS('3-данные'!$D:$D,'3-данные'!$A:$A,'3-3'!$A10,'3-данные'!$H:$H,'3-3'!E$1),"") -> 42241.8 | F10: =IFERROR(AVERAGEIFS('3-данные'!$D:$D,'3-данные'!$A:$A,'3-3'!$A10,'3-данные'!$H:$H,'3-3'!F$1),"") -> 61995.889 | G10: =IFERROR(AVERAGEIFS('3-данные'!$D:$D,'3-данные'!$A:$A,'3-3'!$A10,'3-данные'!$H:$H,'3-3'!G$1),"") -> 51853.75 | H10: =IFERROR(AVERAGEIFS('3-данные'!$D:$D,'3-данные'!$A:$A,'3-3'!$A10,'3-данные'!$H:$H,'3-3'!H$1),"") -> 69153 | I10: =IFERROR(AVERAGEIFS('3-данные'!$D:$D,'3-данные'!$A:$A,'3-3'!$A10,'3-данные'!$H:$H,'3-3'!I$1),"") -> 41468.714 | ... N10: =IFERROR(AVERAGEIFS('3-данные'!$D:$D,'3-данные'!$A:$A,'3-3'!$A10,'3-данные'!$H:$H,'3-3'!N$1),"")
A11: Ткаченко Андрей Олегович | B11: =IFERROR(AVERAGEIFS('3-данные'!$D:$D,'3-данные'!$A:$A,'3-3'!$A11,'3-данные'!$H:$H,'3-3'!B$1),"") -> 51553.714 | C11: =IFERROR(AVERAGEIFS('3-данные'!$D:$D,'3-данные'!$A:$A,'3-3'!$A11,'3-данные'!$H:$H,'3-3'!C$1),"") -> 45778.714 | D11: =IFERROR(AVERAGEIFS('3-данные'!$D:$D,'3-данные'!$A:$A,'3-3'!$A11,'3-данные'!$H:$H,'3-3'!D$1),"") -> 52829.714 | E11: =IFERROR(AVERAGEIFS('3-данные'!$D:$D,'3-данные'!$A:$A,'3-3'!$A11,'3-данные'!$H:$H,'3-3'!E$1),"") -> 59157.25 | F11: =IFERROR(AVERAGEIFS('3-данные'!$D:$D,'3-данные'!$A:$A,'3-3'!$A11,'3-данные'!$H:$H,'3-3'!F$1),"") -> 51455 | G11: =IFERROR(AVERAGEIFS('3-данные'!$D:$D,'3-данные'!$A:$A,'3-3'!$A11,'3-данные'!$H:$H,'3-3'!G$1),"") -> 64545.25 | H11: =IFERROR(AVERAGEIFS('3-данные'!$D:$D,'3-данные'!$A:$A,'3-3'!$A11,'3-данные'!$H:$H,'3-3'!H$1),"") -> 51712.25 | I11: =IFERROR(AVERAGEIFS('3-данные'!$D:$D,'3-данные'!$A:$A,'3-3'!$A11,'3-данные'!$H:$H,'3-3'!I$1),"") -> 47391.143 | ... N11: =IFERROR(AVERAGEIFS('3-данные'!$D:$D,'3-данные'!$A:$A,'3-3'!$A11,'3-данные'!$H:$H,'3-3'!N$1),"")
A12: Фролов Сергей Викторович | B12: =IFERROR(AVERAGEIFS('3-данные'!$D:$D,'3-данные'!$A:$A,'3-3'!$A12,'3-данные'!$H:$H,'3-3'!B$1),"") -> 83361.667 | C12: =IFERROR(AVERAGEIFS('3-данные'!$D:$D,'3-данные'!$A:$A,'3-3'!$A12,'3-данные'!$H:$H,'3-3'!C$1),"") -> 50693.571 | D12: =IFERROR(AVERAGEIFS('3-данные'!$D:$D,'3-данные'!$A:$A,'3-3'!$A12,'3-данные'!$H:$H,'3-3'!D$1),"") -> 43409 | E12: =IFERROR(AVERAGEIFS('3-данные'!$D:$D,'3-данные'!$A:$A,'3-3'!$A12,'3-данные'!$H:$H,'3-3'!E$1),"") -> 47574.833 | F12: =IFERROR(AVERAGEIFS('3-данные'!$D:$D,'3-данные'!$A:$A,'3-3'!$A12,'3-данные'!$H:$H,'3-3'!F$1),"") -> 47070 | G12: =IFERROR(AVERAGEIFS('3-данные'!$D:$D,'3-данные'!$A:$A,'3-3'!$A12,'3-данные'!$H:$H,'3-3'!G$1),"") -> 42493.375 | H12: =IFERROR(AVERAGEIFS('3-данные'!$D:$D,'3-данные'!$A:$A,'3-3'!$A12,'3-данные'!$H:$H,'3-3'!H$1),"") -> 58015.25 | I12: =IFERROR(AVERAGEIFS('3-данные'!$D:$D,'3-данные'!$A:$A,'3-3'!$A12,'3-данные'!$H:$H,'3-3'!I$1),"") -> 53142 | ... N12: =IFERROR(AVERAGEIFS('3-данные'!$D:$D,'3-данные'!$A:$A,'3-3'!$A12,'3-данные'!$H:$H,'3-3'!N$1),"") -> 61469
A13: Яковлев Артем Игоревич | B13: =IFERROR(AVERAGEIFS('3-данные'!$D:$D,'3-данные'!$A:$A,'3-3'!$A13,'3-данные'!$H:$H,'3-3'!B$1),"") -> 43485.125 | C13: =IFERROR(AVERAGEIFS('3-данные'!$D:$D,'3-данные'!$A:$A,'3-3'!$A13,'3-данные'!$H:$H,'3-3'!C$1),"") -> 79146 | D13: =IFERROR(AVERAGEIFS('3-данные'!$D:$D,'3-данные'!$A:$A,'3-3'!$A13,'3-данные'!$H:$H,'3-3'!D$1),"") -> 63702 | E13: =IFERROR(AVERAGEIFS('3-данные'!$D:$D,'3-данные'!$A:$A,'3-3'!$A13,'3-данные'!$H:$H,'3-3'!E$1),"") -> 57853 | F13: =IFERROR(AVERAGEIFS('3-данные'!$D:$D,'3-данные'!$A:$A,'3-3'!$A13,'3-данные'!$H:$H,'3-3'!F$1),"") -> 45414.889 | G13: =IFERROR(AVERAGEIFS('3-данные'!$D:$D,'3-данные'!$A:$A,'3-3'!$A13,'3-данные'!$H:$H,'3-3'!G$1),"") -> 66549 | H13: =IFERROR(AVERAGEIFS('3-данные'!$D:$D,'3-данные'!$A:$A,'3-3'!$A13,'3-данные'!$H:$H,'3-3'!H$1),"") -> 62343 | I13: =IFERROR(AVERAGEIFS('3-данные'!$D:$D,'3-данные'!$A:$A,'3-3'!$A13,'3-данные'!$H:$H,'3-3'!I$1),"") -> 58315.333 | ... N13: =IFERROR(AVERAGEIFS('3-данные'!$D:$D,'3-данные'!$A:$A,'3-3'!$A13,'3-данные'!$H:$H,'3-3'!N$1),"")

Sheet результат
A1: ФИО студента: | B1: Маркелова Настасья Евгеньевна
A2: Задача 1 | B2: Для каждого менеджера найти метрики: | G2: ФИО Менеджера (по алфавиту) | H2: Клиенты | I2: Сумма | J2: Длительность, дни | K2: NPS
B3: - количество клиентов - (столбец H) | F3: 1 | G3: Белов Алексей Константинович | H3: =COUNTIF('1'!D:D,результат!G3) -> 62 | I3: =SUMIF(Данные!A:A,результат!G3,Данные!D:D) -> 4556971 | J3: =VLOOKUP(G3,'1-1'!A:E,5,0) -> 274 | K3: =(COUNTIFS(Данные!A:A,результат!G3,Данные!E:E,">=9")-COUNTIFS(Данные!A:A,результат!G3,Данные!E:E,">=6"))/COUNTIFS(Данные!A:A,результат!G3,Данные!E:E,">=0") -> -0.5375
B4: - сумма проектов - (столбец I) | F4: 2 | G4: Громова Мария Ильинична | H4: =COUNTIF('1'!D:D,результат!G4) -> 63 | I4: =SUMIF(Данные!A:A,результат!G4,Данные!D:D) -> 3838343 | J4: =VLOOKUP(G4,'1-1'!A:E,5,0) -> 276 | K4: =(COUNTIFS(Данные!A:A,результат!G4,Данные!E:E,">=9")-COUNTIFS(Данные!A:A,результат!G4,Данные!E:E,">=6"))/COUNTIFS(Данные!A:A,результат!G4,Данные!E:E,">=0") -> -0.44303797
B5: - длительность работы с клиентом от первой сделки до последней - (столбец J) | F5: 3 | G5: Иванова Анна Сергеевна | H5: =COUNTIF('1'!D:D,результат!G5) -> 63 | I5: =SUMIF(Данные!A:A,результат!G5,Данные!D:D) -> 4421289 | J5: =VLOOKUP(G5,'1-1'!A:E,5,0) -> 293 | K5: =(COUNTIFS(Данные!A:A,результат!G5,Данные!E:E,">=9")-COUNTIFS(Данные!A:A,результат!G5,Данные!E:E,">=6"))/COUNTIFS(Данные!A:A,результат!G5,Данные!E:E,">=0") -> -0.53846154
B6: (для каждого менеджера определить самого долгого клиента в днях | F6: 4 | G6: Кузнецов Дмитрий Львович | H6: =COUNTIF('1'!D:D,результат!G6) -> 72 | I6: =SUMIF(Данные!A:A,результат!G6,Данные!D:D) -> 4968767 | J6: =VLOOKUP(G6,'1-1'!A:E,5,0) -> 258 | K6: =(COUNTIFS(Данные!A:A,результат!G6,Данные!E:E,">=9")-COUNTIFS(Данные!A:A,результат!G6,Данные!E:E,">=6"))/COUNTIFS(Данные!A:A,результат!G6,Данные!E:E,">=0") -> -0.4893617
B7: от даты заключения первого проекта до даты заключения последнего проекта). | F7: 5 | G7: Новикова Ольга Петровна | H7: =COUNTIF('1'!D:D,результат!G7) -> 60 | I7: =SUMIF(Данные!A:A,результат!G7,Данные!D:D) -> 4086942 | J7: =VLOOKUP(G7,'1-1'!A:E,5,0) -> 318 | K7: =(COUNTIFS(Данные!A:A,результат!G7,Данные!E:E,">=9")-COUNTIFS(Данные!A:A,результат!G7,Данные!E:E,">=6"))/COUNTIFS(Данные!A:A,результат!G7,Данные!E:E,">=0") -> -0.43243243
B8: - NPS по всем проектам - (столбец K) | F8: 6 | G8: Орлов Павел Денисович | H8: =COUNTIF('1'!D:D,результат!G8) -> 73 | I8: =SUMIF(Данные!A:A,результат!G8,Данные!D:D) -> 5076701 | J8: =VLOOKUP(G8,'1-1'!A:E,5,0) -> 307 | K8: =(COUNTIFS(Данные!A:A,результат!G8,Данные!E:E,">=9")-COUNTIFS(Данные!A:A,результат!G8,Данные!E:E,">=6"))/COUNTIFS(Данные!A:A,результат!G8,Данные!E:E,">=0") -> -0.52083333
F9: 7 | G9: Петров Владимир Кириллович | H9: =COUNTIF('1'!D:D,результат!G9) -> 80 | I9: =SUMIF(Данные!A:A,результат!G9,Данные!D:D) -> 5629942 | J9: =VLOOKUP(G9,'1-1'!A:E,5,0) -> 308 | K9: =(COUNTIFS(Данные!A:A,результат!G9,Данные!E:E,">=9")-COUNTIFS(Данные!A:A,результат!G9,Данные!E:E,">=6"))/COUNTIFS(Данные!A:A,результат!G9,Данные!E:E,">=0") -> -0.57142857
F10: 8 | G10: Семенова Ирина Валерьевна | H10: =COUNTIF('1'!D:D,результат!G10) -> 67 | I10: =SUMIF(Данные!A:A,результат!G10,Данные!D:D) -> 4590291 | J10: =VLOOKUP(G10,'1-1'!A:E,5,0) -> 312 | K10: =(COUNTIFS(Данные!A:A,результат!G10,Данные!E:E,">=9")-COUNTIFS(Данные!A:A,результат!G10,Данные!E:E,">=6"))/COUNTIFS(Данные!A:A,результат!G10,Данные!E:E,">=0") -> -0.55952381
F11: 9 | G11: Сидорова Елена Васильевна | H11: =COUNTIF('1'!D:D,результат!G11) -> 60 | I11: =SUMIF(Данные!A:A,результат!G11,Данные!D:D) -> 4019842 | J11: =VLOOKUP(G11,'1-1'!A:E,5,0) -> 322 | K11: =(COUNTIFS(Данные!A:A,результат!G11,Данные!E:E,">=9")-COUNTIFS(Данные!A:A,результат!G11,Данные!E:E,">=6"))/COUNTIFS(Данные!A:A,результат!G11,Данные!E:E,">=0") -> -0.52054795
B12: Определить самого эффективного менеджера: | F12: 10 | G12: Ткаченко Андрей Олегович | H12: =COUNTIF('1'!D:D,результат!G12) -> 62 | I12: =SUMIF(Данные!A:A,результат!G12,Данные!D:D) -> 4022126 | J12: =VLOOKUP(G12,'1-1'!A:E,5,0) -> 212 | K12: =(COUNTIFS(Данные!A:A,результат!G12,Данные!E:E,">=9")-COUNTIFS(Данные!A:A,результат!G12,Данные!E:E,">=6"))/COUNTIFS(Данные!A:A,результат!G12,Данные!E:E,">=0") -> -0.50684932
A13: по количеству клиентов | B13: =INDEX(G3:G14,MATCH(MAX(H3:H14),H3:H14,0)) -> Петров Владимир Кириллович | F13: 11 | G13: Фролов Сергей Викторович | H13: =COUNTIF('1'!D:D,результат!G13) -> 57 | I13: =SUMIF(Данные!A:A,результат!G13,Данные!D:D) -> 3826277 | J13: =VLOOKUP(G13,'1-1'!A:E,5,0) -> 319 | K13: =(COUNTIFS(Данные!A:A,результат!G13,Данные!E:E,">=9")-COUNTIFS(Данные!A:A,результат!G13,Данные!E:E,">=6"))/COUNTIFS(Данные!A:A,результат!G13,Данные!E:E,">=0") -> -0.46052632
F14: 12 | G14: Яковлев Артем Игоревич | H14: =COUNTIF('1'!D:D,результат!G14) -> 70 | I14: =SUMIF(Данные!A:A,результат!G14,Данные!D:D) -> 5196199 | J14: =VLOOKUP(G14,'1-1'!A:E,5,0) -> 331 | K14: =(COUNTIFS(Данные!A:A,результат!G14,Данные!E:E,">=9")-COUNTIFS(Данные!A:A,результат!G14,Данные!E:E,">=6"))/COUNTIFS(Данные!A:A,результат!G14,Данные!E:E,">=0") -> -0.52272727
A15: по сумме проектов | B15: =INDEX(G3:G14,MATCH(MAX(I3:I14),I3:I14,0)) -> Петров Владимир Кириллович
A17: по длительности работы | B17: =INDEX(G3:G14,MATCH(MAX(J3:J14),J3:J14,0)) -> Яковлев Артем Игоревич
A19: NPS | B19: =INDEX(G3:G14,MATCH(MAX(K3:K14),K3:K14,0)) -> Новикова Ольга Петровна
A23: Задача 2 | B23: Оценить клиентов | G23: ТОП 10 клиентов по продажам
B24: - доходности (вывести топ 10 клиентов) | G24: ФИО | H24: Проекты | I24: Сумма
B25: - не переходил к другим менеджерам - вывести первых 10 по алфавиту | F25: 1 | G25: Новикова Людмила Кирилловна | H25: 5 | I25: 281526
B26: - по длительности (сколько месяцев суммарно обслуживался клиент) | F26: 2 | G26: Волков Владимир Артемович | H26: 3 | I26: 145906
F27: 3 | G27: Смирнова Валерия Станиславовна | H27: 7 | I27: 404571
F28: 4 | G28: Алексеева Полина Викторовна | H28: 5 | I28: 269061
F29: 5 | G29: Петров Михаил Павлович | H29: 5 | I29: 261766
F30: 6 | G30: Иванова Виктория Артемовна | H30: 1 | I30: 53965
F31: 7 | G31: Попова Светлана Геннадьевна | H31: 8 | I31: 462646
F32: 8 | G32: Семенов Михаил Сергеевич | H32: 5 | I32: 286001
F33: 9 | G33: Смирнова Елена Олеговна | H33: 12 | I33: 521707
F34: 10 | G34: Степанова Людмила Ивановна | H34: 2 | I34: 133615
G37: 10 клиентов, которые обслуживались у одного менеджера (в алфавитном порядке)
G38: ФИО | H38: Проекты | I38: Сумма
F39: 1 | G39: Алексеева Юлия Никитична | H39: 2 | I39: 110354
F40: 2 | G40: Васильев Егор Павлович | H40: 3 | I40: 81576
F41: 3 | G41: Васильев Матвей Кириллович | H41: 1 | I41: 41661
F42: 4 | G42: Волкова Виктория Артемовна | H42: 1 | I42: 66499
F43: 5 | G43: Егоров Иван Андреевич | H43: 1 | I43: 49077
F44: 6 | G44: Егорова Татьяна Ильинична | H44: 1 | I44: 94842
F45: 7 | G45: Иванов Никита Романович | H45: 1 | I45: 26488
F46: 8 | G46: Козлов Матвей Владимирович | H46: 1 | I46: 68538
F47: 9 | G47: Кузнецов Иван Ильич | H47: 1 | I47: 89042
F48: 10 | G48: Лебедев Дмитрий Дмитриевич | H48: 1 | I48: 17306
C51: всего месяцев | D51: 13
A52: Задача 3 | B52: 3. Построить динамику менеджеров во времени: | G52: Количество проектов на одного менеджера
B53: - месяц / кол-во проектов на одного менеджера | C53: начало | D53: конец | G53: ФИО Менеджера (по алфавиту) | H53: 2023-9 | I53: 2023-10 | J53: 2023-11 | K53: 2023-12 | L53: 2024-1 | M53: 2024-2 | N53: 2024-3 | O53: 2024-4 | P53: 2024-5 | Q53: 2024-6 | R53: 2024-7 | S53: 2024-8 | T53: 2024-9
B54: - месяц / NPS по компании | C54: 45170 | D54: 45537 | G54: Белов Алексей Константинович | H54: 6 | I54: 7 | J54: 7 | K54: 3 | L54: 9 | M54: 7 | N54: 11 | O54: 7 | P54: 7 | Q54: 4 | R54: 8 | S54: 4 | T54: 0
B55: - месяц / средняя доходность на один проект | C55: 2023 | D55: 2024 | G55: Громова Мария Ильинична | H55: 5 | I55: 7 | J55: 7 | K55: 6 | L55: 6 | M55: 5 | N55: 11 | O55: 5 | P55: 7 | Q55: 6 | R55: 10 | S55: 4 | T55: 0
C56: 9 | D56: 9 | G56: Иванова Анна Сергеевна | H56: 4 | I56: 11 | J56: 8 | K56: 3 | L56: 7 | M56: 7 | N56: 2 | O56: 6 | P56: 11 | Q56: 4 | R56: 8 | S56: 7 | T56: 0
G57: Кузнецов Дмитрий Львович | H57: 10 | I57: 9 | J57: 4 | K57: 5 | L57: 10 | M57: 8 | N57: 8 | O57: 7 | P57: 8 | Q57: 7 | R57: 8 | S57: 10 | T57: 0
G58: Новикова Ольга Петровна | H58: 8 | I58: 5 | J58: 6 | K58: 5 | L58: 7 | M58: 4 | N58: 5 | O58: 7 | P58: 5 | Q58: 3 | R58: 10 | S58: 8 | T58: 1
G59: Орлов Павел Денисович | H59: 8 | I59: 5 | J59: 9 | K59: 12 | L59: 9 | M59: 6 | N59: 8 | O59: 7 | P59: 10 | Q59: 6 | R59: 9 | S59: 7 | T59: 0
G60: Петров Владимир Кириллович | H60: 9 | I60: 7 | J60: 10 | K60: 6 | L60: 12 | M60: 6 | N60: 4 | O60: 16 | P60: 7 | Q60: 8 | R60: 11 | S60: 8 | T60: 1
G61: Семенова Ирина Валерьевна | H61: 8 | I61: 7 | J61: 8 | K61: 4 | L61: 6 | M61: 9 | N61: 6 | O61: 8 | P61: 5 | Q61: 5 | R61: 11 | S61: 7 | T61: 0
G62: Сидорова Елена Васильевна | H62: 9 | I62: 7 | J62: 3 | K62: 5 | L62: 9 | M62: 4 | N62: 2 | O62: 7 | P62: 7 | Q62: 9 | R62: 6 | S62: 5 | T62: 0
G63: Ткаченко Андрей Олегович | H63: 7 | I63: 7 | J63: 7 | K63: 8 | L63: 7 | M63: 4 | N63: 8 | O63: 7 | P63: 5 | Q63: 2 | R63: 7 | S63: 4 | T63: 0
G64: Фролов Сергей Викторович | H64: 3 | I64: 7 | J64: 6 | K64: 6 | L64: 9 | M64: 8 | N64: 4 | O64: 6 | P64: 5 | Q64: 6 | R64: 8 | S64: 5 | T64: 3
G65: Яковлев Артем Игоревич | H65: 8 | I65: 6 | J65: 5 | K65: 6 | L65: 9 | M65: 5 | N65: 11 | O65: 9 | P65: 3 | Q65: 8 | R65: 8 | S65: 10 | T65: 0
G67: NPS
G68: ФИО Менеджера (по алфавиту) | H68: 2023-9 | I68: 2023-10 | J68: 2023-11 | K68: 2023-12 | L68: 2024-1 | M68: 2024-2 | N68: 2024-3 | O68: 2024-4 | P68: 2024-5 | Q68: 2024-6 | R68: 2024-7 | S68: 2024-8 | T68: 2024-9
G69: Белов Алексей Константинович | H69: -0.5 | I69: -0.85714286 | J69: -0.42857143 | K69: 0 | L69: -0.44444444 | M69: -0.71428571 | N69: -0.45454545 | O69: -0.71428571 | P69: -0.42857143 | Q69: -0.75 | R69: -0.625 | S69: -0.25
G70: Громова Мария Ильинична | H70: -0.4 | I70: -0.42857143 | J70: -0.57142857 | K70: -0.66666667 | L70: -0.33333333 | M70: -0.4 | N70: -0.36363636 | O70: -0.4 | P70: -0.57142857 | Q70: -0.5 | R70: -0.3 | S70: -0.5
G71: Иванова Анна Сергеевна | H71: -1 | I71: -0.45454545 | J71: -0.5 | K71: -0.33333333 | L71: -0.57142857 | M71: -0.71428571 | N71: -1 | O71: -0.66666667 | P71: -0.36363636 | Q71: -0.75 | R71: -0.375 | S71: -0.42857143
G72: Кузнецов Дмитрий Львович | H72: -0.4 | I72: -0.44444444 | J72: -0.5 | K72: -0.6 | L72: -0.7 | M72: -0.375 | N72: -0.5 | O72: -0.71428571 | P72: -0.75 | Q72: -0.57142857 | R72: -0.25 | S72: -0.2
G73: Новикова Ольга Петровна | H73: -0.375 | I73: -0.4 | J73: -0.33333333 | K73: -0.6 | L73: -0.57142857 | M73: -0.75 | N73: -0.8 | O73: -0.57142857 | P73: -0.2 | Q73: 0 | R73: -0.3 | S73: -0.375 | T73: 0
G74: Орлов Павел Денисович | H74: -0.625 | I74: -0.4 | J74: -0.66666667 | K74: -0.58333333 | L74: -0.66666667 | M74: -0.33333333 | N74: -0.625 | O74: -0.28571429 | P74: -0.6 | Q74: -0.5 | R74: -0.55555556 | S74: -0.14285714
G75: Петров Владимир Кириллович | H75: -0.77777778 | I75: -0.57142857 | J75: -0.6 | K75: -0.5 | L75: -0.75 | M75: -0.33333333 | N75: -0.5 | O75: -0.625 | P75: -0.71428571 | Q75: -0.25 | R75: -0.45454545 | S75: -0.5 | T75: -1
G76: Семенова Ирина Валерьевна | H76: -0.25 | I76: -0.28571429 | J76: -0.75 | K76: -0.25 | L76: -0.66666667 | M76: -0.55555556 | N76: -0.5 | O76: -0.75 | P76: -0.4 | Q76: -0.6 | R76: -0.63636364 | S76: -0.85714286
G77: Сидорова Елена Васильевна | H77: -0.66666667 | I77: -0.28571429 | J77: -0.33333333 | K77: -0.2 | L77: -0.55555556 | M77: -0.5 | N77: -1 | O77: -0.42857143 | P77: -0.71428571 | Q77: -0.33333333 | R77: -0.66666667 | S77: -0.8
G78: Ткаченко Андрей Олегович | H78: -0.28571429 | I78: -0.71428571 | J78: -0.42857143 | K78: -0.625 | L78: -0.42857143 | M78: -0.5 | N78: -0.75 | O78: -0.57142857 | P78: -0.6 | Q78: -0.5 | R78: -0.42857143 | S78: 0
G79: Фролов Сергей Викторович | H79: -0.66666667 | I79: -0.28571429 | J79: -0.5 | K79: -0.16666667 | L79: 0 | M79: -0.875 | N79: -1 | O79: -0.5 | P79: -0.6 | Q79: -0.66666667 | R79: -0.25 | S79: -0.4 | T79: -0.66666667
G80: Яковлев Артем Игоревич | H80: -0.375 | I80: -0.66666667 | J80: -0.4 | K80: -0.66666667 | L80: -0.33333333 | M80: -0.4 | N80: -0.72727273 | O80: -0.44444444 | P80: -0.66666667 | Q80: -0.5 | R80: -0.625 | S80: -0.5
G82: средняя доходность на один проект
G83: ФИО Менеджера (по алфавиту) | H83: 2023-9 | I83: 2023-10 | J83: 2023-11 | K83: 2023-12 | L83: 2024-1 | M83: 2024-2 | N83: 2024-3 | O83: 2024-4 | P83: 2024-5 | Q83: 2024-6 | R83: 2024-7 | S83: 2024-8 | T83: 2024-9
G84: Белов Алексей Константинович | H84: 68048.167 | I84: 56320.143 | J84: 77726.429 | K84: 47020.333 | L84: 60518 | M84: 40601.571 | N84: 67500.364 | O84: 55794.429 | P84: 28324.857 | Q84: 36720 | R84: 63862.875 | S84: 62825
G85: Громова Мария Ильинична | H85: 45902.4 | I85: 65944.429 | J85: 52836.429 | K85: 45186.833 | L85: 33117.667 | M85: 66434 | N85: 41246.455 | O85: 48045.8 | P85: 50977.571 | Q85: 50030 | R85: 48136.9 | S85: 35759
G86: Иванова Анна Сергеевна | H86: 56377.5 | I86: 54299.182 | J86: 52224 | K86: 50827.333 | L86: 54316 | M86: 63998.571 | N86: 52332.5 | O86: 61575.5 | P86: 53740.182 | Q86: 53873.75 | R86: 65080.125 | S86: 56945.143
G87: Кузнецов Дмитрий Львович | H87: 59533.9 | I87: 50046.667 | J87: 34732.25 | K87: 53202.6 | L87: 30210.2 | M87: 58470.125 | N87: 65408.75 | O87: 54155.143 | P87: 54105.375 | Q87: 72069.286 | R87: 47535.625 | S87: 52823.4
G88: Новикова Ольга Петровна | H88: 49830.625 | I88: 39063.4 | J88: 51821.5 | K88: 65806.2 | L88: 52326.286 | M88: 47382 | N88: 69335.8 | O88: 69317.571 | P88: 74275 | Q88: 43915 | R88: 51821.4 | S88: 43015.375 | T88: 99849
G89: Орлов Павел Денисович | H89: 46172.375 | I89: 74997.8 | J89: 48777.222 | K89: 42171.25 | L89: 54098.778 | M89: 73604.667 | N89: 65004.625 | O89: 45980.429 | P89: 50294.4 | Q89: 35339.833 | R89: 63170 | S89: 47621.857
G90: Петров Владимир Кириллович | H90: 57696.778 | I90: 31626.429 | J90: 55117.5 | K90: 54209.167 | L90: 51878.75 | M90: 39875.333 | N90: 36183.5 | O90: 64146.812 | P90: 57015 | Q90: 53380.125 | R90: 58323.909 | S90: 59343.75 | T90: 37517
G91: Семенова Ирина Валерьевна | H91: 41726 | I91: 66934.429 | J91: 62802.875 | K91: 50496.5 | L91: 57190.667 | M91: 78111.778 | N91: 38452 | O91: 64941.625 | P91: 41794.2 | Q91: 33808.8 | R91: 50165.364 | S91: 51043.429
G92: Сидорова Елена Васильевна | H92: 62001.667 | I92: 59236.857 | J92: 68926.333 | K92: 42241.8 | L92: 61995.889 | M92: 51853.75 | N92: 69153 | O92: 41468.714 | P92: 56825.286 | Q92: 55926.556 | R92: 55794.167 | S92: 39867
G93: Ткаченко Андрей Олегович | H93: 51553.714 | I93: 45778.714 | J93: 52829.714 | K93: 59157.25 | L93: 51455 | M93: 64545.25 | N93: 51712.25 | O93: 47391.143 | P93: 59377.4 | Q93: 55877 | R93: 72197.286 | S93: 54977.25
G94: Фролов Сергей Викторович | H94: 83361.667 | I94: 50693.571 | J94: 43409 | K94: 47574.833 | L94: 47070 | M94: 42493.375 | N94: 58015.25 | O94: 53142 | P94: 57518.6 | Q94: 33458.167 | R94: 57332.5 | S94: 45907 | T94: 61469
G95: Яковлев Артем Игоревич | H95: 43485.125 | I95: 79146 | J95: 63702 | K95: 57853 | L95: 45414.889 | M95: 66549 | N95: 62343 | O95: 58315.333 | P95: 43048.667 | Q95: 52752.5 | R95: 69910.625 | S95: 64527.3
