Workbook

Sheet номер1
H1: X
H2: 0 | I2: 0 | K2: Xa-bc | L2: Ya-bc
H3: 1 | I3: 1 | K3: 0.2 | L3: 0.82735218
K4: 0.2 | L4: 0
H7: X | I7: Y2 | K7: Xb-c | L7: Yb-c
H8: 0.2 | I8: 0.82735218 | K8: 0.5 | L8: 0.95584186
H9: 1 | I9: 1 | K9: 0.5 | L9: 0
D21: 20/30/50 | E21: 80/15/5
A22: Названия строк | B22: Сумма по полю Сумма сделки | C22: Номер | D22: X | E22: Y0 | F22: Y1 | G22: Y0-Y1 | H22: Y2 | I22: Y0-Y2 | J22: ABC
A23: Яковлев Артем Игоревич | B23: 0.44901993 | C23: 1 | D23: =C23/MAX(C:C) -> 0.05 | E23: =B23 -> 0.44901993 | F23: =D23 -> 0.05 | G23: =E23-F23 -> 0.39901993 | H23: =0.2158*D23+0.7842 -> 0.79499 | I23: =E23-H23 -> -0.34597007 | J23: A
A24: Фролов Сергей Викторович | B24: 0.64371562 | C24: 2 | D24: =C24/MAX(C:C) -> 0.1 | E24: =B24 -> 0.64371562 | F24: =D24 -> 0.1 | G24: =E24-F24 -> 0.54371562 | H24: =0.2158*D24+0.7842 -> 0.80578 | I24: =E24-H24 -> -0.16206438 | J24: A
A25: Иванова Анна Сергеевна | B25: 0.76283863 | C25: 3 | D25: =C25/MAX(C:C) -> 0.15 | E25: =B25 -> 0.76283863 | F25: =D25 -> 0.15 | G25: =E25-F25 -> 0.61283863 | H25: =0.2158*D25+0.7842 -> 0.81657 | I25: =E25-H25 -> -0.053731372 | J25: A
A26: Ткаченко Андрей Олегович | B26: 0.82735218 | C26: 4 | D26: =C26/MAX(C:C) -> 0.2 | E26: =B26 -> 0.82735218 | F26: =D26 -> 0.2 | G26: =E26-F26 -> 0.62735218 | H26: =0.2158*D26+0.7842 -> 0.82736 | I26: =E26-H26 -> -7.8185031e-06 | J26: A
A27: Семенова Ирина Валерьевна | B27: 0.86423186 | C27: 5 | D27: =C27/MAX(C:C) -> 0.25 | E27: =B27 -> 0.86423186 | F27: =D27 -> 0.25 | G27: =E27-F27 -> 0.61423186 | H27: =0.2158*D27+0.7842 -> 0.83815 | I27: =E27-H27 -> 0.026081863 | J27: B
A28: Орлов Павел Денисович | B28: 0.89399796 | C28: 6 | D28: =C28/MAX(C:C) -> 0.3 | E28: =B28 -> 0.89399796 | F28: =D28 -> 0.3 | G28: =E28-F28 -> 0.59399796 | H28: =0.2158*D28+0.7842 -> 0.84894 | I28: =E28-H28 -> 0.045057958 | J28: B
A29: Кузнецов Максим Алексеевич | B29: 0.91381081 | C29: 7 | D29: =C29/MAX(C:C) -> 0.35 | E29: =B29 -> 0.91381081 | F29: =D29 -> 0.35 | G29: =E29-F29 -> 0.56381081 | H29: =0.2158*D29+0.7842 -> 0.85973 | I29: =E29-H29 -> 0.054080815 | J29: B
A30: Морозова Елена Андреевна | B30: 0.93095499 | C30: 8 | D30: =C30/MAX(C:C) -> 0.4 | E30: =B30 -> 0.93095499 | F30: =D30 -> 0.4 | G30: =E30-F30 -> 0.53095499 | H30: =0.2158*D30+0.7842 -> 0.87052 | I30: =E30-H30 -> 0.060434991 | J30: B
A31: Волков Дмитрий Романович | B31: 0.94478447 | C31: 9 | D31: =C31/MAX(C:C) -> 0.45 | E31: =B31 -> 0.94478447 | F31: =D31 -> 0.45 | G31: =E31-F31 -> 0.49478447 | H31: =0.2158*D31+0.7842 -> 0.88131 | I31: =E31-H31 -> 0.063474467 | J31: B
A32: Соколова Мария Ильинична | B32: 0.95584186 | C32: 10 | D32: =C32/MAX(C:C) -> 0.5 | E32: =B32 -> 0.95584186 | F32: =D32 -> 0.5 | G32: =E32-F32 -> 0.45584186 | H32: =0.2158*D32+0.7842 -> 0.8921 | I32: =E32-H32 -> 0.063741861 | J32: B
A33: Лебедев Николай Олегович | B33: 0.96560877 | C33: 11 | D33: =C33/MAX(C:C) -> 0.55 | E33: =B33 -> 0.96560877 | F33: =D33 -> 0.55 | G33: =E33-F33 -> 0.41560877 | H33: =0.2158*D33+0.7842 -> 0.90289 | I33: =E33-H33 -> 0.06271877 | J33: C
A34: Новикова Ольга Викторовна | B34: 0.97389661 | C34: 12 | D34: =C34/MAX(C:C) -> 0.6 | E34: =B34 -> 0.97389661 | F34: =D34 -> 0.6 | G34: =E34-F34 -> 0.37389661 | H34: =0.2158*D34+0.7842 -> 0.91368 | I34: =E34-H34 -> 0.06021661 | J34: C
... A42: Егоров Илья Александрович | B42: 1 | C42: 20 | D42: =C42/MAX(C:C) -> 1 | E42: =B42 -> 1 | F42: =D42 -> 1 | G42: =E42-F42 -> 0 | H42: =0.2158*D42+0.7842 -> 1 | I42: =E42-H42 -> 0 | J42: C

Sheet Данные
A1: ФИО менеджера | B1: ФИО клиента | C1: Дата сделки | D1: Сумма сделки
A2: Волков Дмитрий Романович | B2: Васильева Татьяна Сергеевна | C2: 46023 | D2: 16645
A3: Попов Кирилл Денисович | B3: Михайлов Дмитрий Викторович | C3: 46023 | D3: 11221
A4: Семенова Ирина Валерьевна | B4: Васильев Владимир Ильич | C4: 46023 | D4: 26920
A5: Ткаченко Андрей Олегович | B5: Комарова Анна Николаевна | C5: 46023 | D5: 35162
A6: Фролов Сергей Викторович | B6: Попов Никита Иванович | C6: 46023 | D6: 30218
A7: Фролов Сергей Викторович | B7: Сергеева Анна Владимировна | C7: 46023 | D7: 15765
A8: Яковлев Артем Игоревич | B8: Баранов Николай Александрович | C8: 46023 | D8: 37617
A9: Васильева Дарья Павловна | B9: Тарасова Татьяна Ивановна | C9: 46024 | D9: 14020
A10: Кузнецов Максим Алексеевич | B10: Куликова Анастасия Игоревна | C10: 46024 | D10: 20085
A11: Лебедев Николай Олегович | B11: Семенова Александра Антоновна | C11: 46024 | D11: 15698
A12: Морозова Елена Андреевна | B12: Сергеев Артем Романович | C12: 46024 | D12: 19687
A13: Морозова Елена Андреевна | B13: Соколова Полина Сергеевна | C13: 46024 | D13: 22019
... A3058: Яковлев Артем Игоревич | B3058: Соловьева Татьяна Денисовна | C3058: 46265 | D3058: 37990

Sheet ABC Менеджеры
B7: ФИО Менеджера (по алфавиту) | C7: ABC по сумме сделки | D7: ABC по количеству сделок
A8: 1 | B8: Яковлев Артем Игоревич | C8: =VLOOKUP(B8,номер1!$A$23:$J$42,10,0) -> A | D8: =VLOOKUP(B8,номер1!$A$23:$J$42,10,0) -> A
A9: 2 | B9: Фролов Сергей Викторович | C9: =VLOOKUP(B9,номер1!$A$23:$J$42,10,0) -> A | D9: =VLOOKUP(B9,номер1!$A$23:$J$42,10,0) -> A
A10: 3 | B10: Иванова Анна Сергеевна | C10: =VLOOKUP(B10,номер1!$A$23:$J$42,10,0) -> A | D10: =VLOOKUP(B10,номер1!$A$23:$J$42,10,0) -> A
A11: 4 | B11: Ткаченко Андрей Олегович | C11: =VLOOKUP(B11,номер1!$A$23:$J$42,10,0) -> A | D11: =VLOOKUP(B11,номер1!$A$23:$J$42,10,0) -> A
A12: 5 | B12: Семенова Ирина Валерьевна | C12: =VLOOKUP(B12,номер1!$A$23:$J$42,10,0) -> B | D12: =VLOOKUP(B12,номер1!$A$23:$J$42,10,0) -> B
A13: 6 | B13: Орлов Павел Денисович | C13: =VLOOKUP(B13,номер1!$A$23:$J$42,10,0) -> B | D13: =VLOOKUP(B13,номер1!$A$23:$J$42,10,0) -> B
A14: 7 | B14: Кузнецов Максим Алексеевич | C14: =VLOOKUP(B14,номер1!$A$23:$J$42,10,0) -> B | D14: =VLOOKUP(B14,номер1!$A$23:$J$42,10,0) -> B
A15: 8 | B15: Морозова Елена Андреевна | C15: =VLOOKUP(B15,номер1!$A$23:$J$42,10,0) -> B | D15: =VLOOKUP(B15,номер1!$A$23:$J$42,10,0) -> B
A16: 9 | B16: Волков Дмитрий Романович | C16: =VLOOKUP(B16,номер1!$A$23:$J$42,10,0) -> B | D16: =VLOOKUP(B16,номер1!$A$23:$J$42,10,0) -> B
A17: 10 | B17: Лебедев Николай Олегович | C17: =VLOOKUP(B17,номер1!$A$23:$J$42,10,0) -> C | D17: =VLOOKUP(B17,номер1!$A$23:$J$42,10,0) -> C
A18: 11 | B18: Соколова Мария Ильинична | C18: =VLOOKUP(B18,номер1!$A$23:$J$42,10,0) -> B | D18: =VLOOKUP(B18,номер1!$A$23:$J$42,10,0) -> B
A19: 12 | B19: Новикова Ольга Викторовна | C19: =VLOOKUP(B19,номер1!$A$23:$J$42,10,0) -> C | D19: =VLOOKUP(B19,номер1!$A$23:$J$42,10,0) -> C
B20: Козлов Алексей Михайлович | C20: =VLOOKUP(B20,номер1!$A$23:$J$42,10,0) -> C | D20: =VLOOKUP(B20,номер1!$A$23:$J$42,10,0) -> C
B21: Павлова Татьяна Сергеевна | C21: =VLOOKUP(B21,номер1!$A$23:$J$42,10,0) -> C | D21: =VLOOKUP(B21,номер1!$A$23:$J$42,10,0) -> C
B22: Смирнов Евгений Андреевич | C22: =VLOOKUP(B22,номер1!$A$23:$J$42,10,0) -> C | D22: =VLOOKUP(B22,номер1!$A$23:$J$42,10,0) -> C
B23: Попов Кирилл Денисович | C23: =VLOOKUP(B23,номер1!$A$23:$J$42,10,0) -> C | D23: =VLOOKUP(B23,номер1!$A$23:$J$42,10,0) -> C
B24: Васильева Дарья Павловна | C24: =VLOOKUP(B24,номер1!$A$23:$J$42,10,0) -> C | D24: =VLOOKUP(B24,номер1!$A$23:$J$42,10,0) -> C
B25: Михайлова Алина Романовна | C25: =VLOOKUP(B25,номер1!$A$23:$J$42,10,0) -> C | D25: =VLOOKUP(B25,номер1!$A$23:$J$42,10,0) -> C
B26: Федорова Ксения Максимовна | C26: =VLOOKUP(B26,номер1!$A$23:$J$42,10,0) -> C | D26: =VLOOKUP(B26,номер1!$A$23:$J$42,10,0) -> C
B27: Егоров Илья Александрович | C27: =VLOOKUP(B27,номер1!$A$23:$J$42,10,0) -> C | D27: =VLOOKUP(B27,номер1!$A$23:$J$42,10,0) -> C

Sheet ABC_XYZ Клиенты
A1: ФИО Клиента (все клиенты) | B1: янв | C1: фев | D1: мар | E1: апр | F1: май | G1: июн | H1: июл | I1: авг | J1: ABC | K1: XYZ | S1: Названия строк | T1: Сумма по полю Сумма сделки | AA1: Клиенты | AB1: Вариация | AC1: ABC | AD1: XYZ | AE1: Сумма
A2: Захаров Павел Артемович | B2: 234052 | C2: 216077 | D2: 241027 | E2: 28462 | F2: 54340 | G2: 193296 | H2: 229566 | I2: 233044 | J2: A | K2: Z | S2: Алексеев Алексей Романович | T2: 1178084 | U2: =VLOOKUP(T2,$F$20:$G$22,2,1) -> C | AA2: Баранов Антон Борисович | AB2: 0.97527093 | AC2: C | AD2: Z | AE2: 85294 | AG2: Сумма по полю Сумма | AH2: Названия столбцов
A3: Орлова Валерия Олеговна | B3: 183801 | C3: 184120 | D3: 179863 | E3: 170425 | F3: 173716 | G3: 169770 | H3: 183172 | I3: 181646 | J3: A | K3: Z | S3: Алексеев Борис Олегович | T3: 334420 | U3: =VLOOKUP(T3,$F$20:$G$22,2,1) -> C | AA3: Федорова Софья Романовна | AB3: 0.94283809 | AC3: B | AD3: Z | AE3: 197450 | AG3: Названия строк | AH3: X | AI3: Y | AJ3: Z
A4: Новикова Екатерина Ивановна | B4: 116467 | C4: 208399 | D4: 264694 | E4: 213152 | F4: 283059 | G4: 120640 | H4: 103649 | I4: 98881 | J4: A | K4: Z | S4: Алексеев Евгений Иванович | T4: 240575 | U4: =VLOOKUP(T4,$F$20:$G$22,2,1) -> C | AA4: Павлова Надежда Евгеньевна | AB4: 0.90559389 | AC4: B | AD4: Z | AE4: 245570 | AG4: A | AH4: 31941505 | AI4: 24113174 | AJ4: 22947408
A5: Петров Николай Александрович | B5: 169665 | C5: 160532 | D5: 173415 | E5: 174376 | F5: 174568 | G5: 161080 | H5: 166550 | I5: 169274 | J5: A | K5: Z | S5: Алексеева Алина Павловна | T5: 413423 | U5: =VLOOKUP(T5,$F$20:$G$22,2,1) -> C | AA5: Степанов Николай Сергеевич | AB5: 0.90507034 | AC5: A | AD5: Z | AE5: 507063 | AG5: B | AH5: 6114106 | AI5: 3896318 | AJ5: 4869010
A6: Михайлов Юрий Павлович | B6: 178222 | C6: 150966 | D6: 182303 | E6: 130158 | F6: 197803 | G6: 178110 | H6: 124476 | I6: 177636 | J6: A | K6: Y | S6: Андреев Артем Кириллович | T6: 560992 | U6: =VLOOKUP(T6,$F$20:$G$22,2,1) -> C | AA6: Лебедева Мария Дмитриевна | AB6: 0.82075854 | AC6: B | AD6: Z | AE6: 231098 | AG6: C | AH6: 1822142 | AI6: 1556403 | AJ6: 1586558
A7: Григорьева Марина Антоновна | B7: 151209 | C7: 155598 | D7: 172682 | E7: 161027 | F7: 151203 | G7: 158179 | H7: 180762 | I7: 125537 | J7: A | K7: Y | S7: Андреев Илья Евгеньевич | T7: 137216 | U7: =VLOOKUP(T7,$F$20:$G$22,2,1) -> C | AA7: Федорова Алина Антоновна | AB7: 0.77374524 | AC7: C | AD7: Z | AE7: 99989
A8: Степанов Алексей Александрович | B8: 176330 | C8: 121210 | D8: 152724 | E8: 160583 | F8: 150051 | G8: 137644 | H8: 170553 | I8: 161697 | J8: A | K8: Z | S8: Андреева Валерия Дмитриевна | T8: 693696 | U8: =VLOOKUP(T8,$F$20:$G$22,2,1) -> C | AA8: Куликов Никита Владимирович | AB8: 0.7620185 | AC8: A | AD8: Z | AE8: 549778
A9: Козлов Максим Антонович | B9: 151188 | C9: 150633 | D9: 160966 | E9: 152034 | F9: 161256 | G9: 147233 | H9: 148502 | I9: 151988 | J9: B | K9: Z | S9: Андреева Ирина Андреевна | T9: 534437 | U9: =VLOOKUP(T9,$F$20:$G$22,2,1) -> C | AA9: Сергеева Анна Владимировна | AB9: 0.74613992 | AC9: A | AD9: Z | AE9: 436364
A10: Белов Юрий Максимович | B10: 286775 | C10: 221110 | D10: 38080 | E10: 47894 | F10: 59927 | G10: 119964 | H10: 251860 | I10: 195841 | J10: B | K10: Z | S10: Андреева Ксения Павловна | T10: 147752 | U10: =VLOOKUP(T10,$F$20:$G$22,2,1) -> C | AA10: Степанова Валерия Сергеевна | AB10: 0.74292344 | AC10: A | AD10: Z | AE10: 732656
A11: Степанова Ольга Денисовна | B11: 206692 | C11: 230270 | D11: 231500 | E11: 173326 | F11: 27445 | G11: 202914 | H11: 53448 | I11: 50577 | J11: B | K11: X | S11: Андреева Софья Антоновна | T11: 220960 | U11: =VLOOKUP(T11,$F$20:$G$22,2,1) -> C | AA11: Макаров Александр Игоревич | AB11: 0.73327916 | AC11: C | AD11: Z | AE11: 121469
S12: Баранов Андрей Дмитриевич | T12: 134316 | U12: =VLOOKUP(T12,$F$20:$G$22,2,1) -> C | AA12: Степанова Людмила Ильинична | AB12: 0.73021873 | AC12: B | AD12: Z | AE12: 210687
S13: Баранов Антон Борисович | T13: 85294 | U13: =VLOOKUP(T13,$F$20:$G$22,2,1) -> C | AA13: Соколов Никита Сергеевич | AB13: 0.72803796 | AC13: A | AD13: Z | AE13: 412247
M14: Сводная таблица | S14: Баранов Евгений Николаевич | T14: 1546021 | U14: =VLOOKUP(T14,$F$20:$G$22,2,1) -> C | AA14: Ковалева Ольга Викторовна | AB14: 0.72689755 | AC14: A | AD14: Z | AE14: 418623
M15: количество клиентов каждой категории | S15: Баранов Николай Александрович | T15: 1176994 | U15: =VLOOKUP(T15,$F$20:$G$22,2,1) -> C | AA15: Сидоров Алексей Евгеньевич | AB15: 0.7178217 | AC15: A | AD15: Z | AE15: 294852
F16: 0 | G16: X | N16: X | O16: Y | P16: Z | S16: Баранов Юрий Романович | T16: 157671 | U16: =VLOOKUP(T16,$F$20:$G$22,2,1) -> C | AA16: Романова Анна Максимовна | AB16: 0.71781673 | AC16: B | AD16: Z | AE16: 246431
F17: 0.1 | G17: Y | M17: A | N17: 49 | O17: 37 | P17: 33 | S17: Баранова Александра Романовна | T17: 245704 | U17: =VLOOKUP(T17,$F$20:$G$22,2,1) -> C | AA17: Белова Ксения Александровна | AB17: 0.71616311 | AC17: A | AD17: Z | AE17: 922746
F18: 0.25 | G18: Z | M18: B | N18: 33 | O18: 21 | P18: 25 | S18: Белов Виктор Кириллович | T18: 289787 | U18: =VLOOKUP(T18,$F$20:$G$22,2,1) -> C | AA18: Воробьев Федор Павлович | AB18: 0.71567332 | AC18: C | AD18: Z | AE18: 140335
M19: C | N19: 14 | O19: 12 | P19: 13 | S19: Белов Илья Федорович | T19: 621782 | U19: =VLOOKUP(T19,$F$20:$G$22,2,1) -> C | AA19: Попова Ирина Сергеевна | AB19: 0.71516233 | AC19: A | AD19: Z | AE19: 1199301
F20: 0 | G20: A | S20: Белов Кирилл Николаевич | T20: 140880 | U20: =VLOOKUP(T20,$F$20:$G$22,2,1) -> C | AA20: Степанов Антон Владимирович | AB20: 0.70908199 | AC20: B | AD20: Z | AE20: 171752
F21: 0.8 | G21: B | M21: Сумма сделок в каждой категории | S21: Белов Павел Олегович | T21: 200762 | U21: =VLOOKUP(T21,$F$20:$G$22,2,1) -> C | AA21: Попов Никита Иванович | AB21: 0.70827537 | AC21: A | AD21: Z | AE21: 365123
F22: 0.95 | G22: C | N22: X | O22: Y | P22: Z | S22: Белова Александра Ильинична | T22: 154564 | U22: =VLOOKUP(T22,$F$20:$G$22,2,1) -> C | AA22: Борисов Павел Николаевич | AB22: 0.70814109 | AC22: C | AD22: Z | AE22: 109932
M23: A | N23: 31941505 | O23: 24113174 | P23: 22947408 | S23: Белова Александра Павловна | T23: 500946 | U23: =VLOOKUP(T23,$F$20:$G$22,2,1) -> C | AA23: Попова Полина Сергеевна | AB23: 0.70061008 | AC23: A | AD23: Z | AE23: 911774
M24: B | N24: 6114106 | O24: 3896318 | P24: 4869010 | S24: Белова Екатерина Ильинична | T24: 334033 | U24: =VLOOKUP(T24,$F$20:$G$22,2,1) -> C | AA24: Иванова Ксения Александровна | AB24: 0.69767177 | AC24: A | AD24: Z | AE24: 693216
M25: C | N25: 1822142 | O25: 1556403 | P25: 1586558 | S25: Белова Ксения Александровна | T25: 922746 | U25: =VLOOKUP(T25,$F$20:$G$22,2,1) -> C | AA25: Белов Кирилл Николаевич | AB25: 0.69701508 | AC25: C | AD25: Z | AE25: 140880
S26: Борисов Павел Николаевич | T26: 109932 | U26: =VLOOKUP(T26,$F$20:$G$22,2,1) -> C | AA26: Егорова Мария Ивановна | AB26: 0.68474337 | AC26: A | AD26: Z | AE26: 292082
S27: Борисов Степан Сергеевич | T27: 981813 | U27: =VLOOKUP(T27,$F$20:$G$22,2,1) -> C | AA27: Соловьева Полина Сергеевна | AB27: 0.67393073 | AC27: B | AD27: Z | AE27: 155436
S28: Васильев Владимир Ильич | T28: 210679 | U28: =VLOOKUP(T28,$F$20:$G$22,2,1) -> C | AA28: Сидорова Алина Романовна | AB28: 0.66361806 | AC28: C | AD28: Z | AE28: 125068
S29: Васильев Никита Иванович | T29: 224941 | U29: =VLOOKUP(T29,$F$20:$G$22,2,1) -> C | AA29: Попова Анастасия Ильинична | AB29: 0.6634172 | AC29: A | AD29: Z | AE29: 357142
S30: Васильева Ольга Юрьевна | T30: 122526 | U30: =VLOOKUP(T30,$F$20:$G$22,2,1) -> C | AA30: Баранова Александра Романовна | AB30: 0.66285672 | AC30: B | AD30: Z | AE30: 245704
S31: Васильева Татьяна Сергеевна | T31: 162400 | U31: =VLOOKUP(T31,$F$20:$G$22,2,1) -> C | AA31: Зайцева Анна Олеговна | AB31: 0.65905384 | AC31: B | AD31: Z | AE31: 170883
S32: Волкова Виктория Викторовна | T32: 218290 | U32: =VLOOKUP(T32,$F$20:$G$22,2,1) -> C | AA32: Орлова Екатерина Ивановна | AB32: 0.65776684 | AC32: A | AD32: Z | AE32: 433031
S33: Волкова Елена Павловна | T33: 1339447 | U33: =VLOOKUP(T33,$F$20:$G$22,2,1) -> C | AA33: Орлова Татьяна Ивановна | AB33: 0.65332577 | AC33: B | AD33: Z | AE33: 227110
S34: Волкова Мария Александровна | T34: 1298229 | U34: =VLOOKUP(T34,$F$20:$G$22,2,1) -> C | AA34: Ковалева Надежда Юрьевна | AB34: 0.65275343 | AC34: A | AD34: Z | AE34: 335261
S35: Волкова Полина Михайловна | T35: 115688 | U35: =VLOOKUP(T35,$F$20:$G$22,2,1) -> C | AA35: Семенова Анастасия Михайловна | AB35: 0.65008898 | AC35: C | AD35: Z | AE35: 118730
S36: Волкова Татьяна Владимировна | T36: 804297 | U36: =VLOOKUP(T36,$F$20:$G$22,2,1) -> C | AA36: Федорова Полина Юрьевна | AB36: 0.64899744 | AC36: B | AD36: Z | AE36: 191799
S37: Воробьев Сергей Иванович | T37: 860530 | U37: =VLOOKUP(T37,$F$20:$G$22,2,1) -> C | AA37: Андреева Ирина Андреевна | AB37: 0.64804641 | AC37: A | AD37: Z | AE37: 534437
... S238: Яковлева Анастасия Антоновна | T238: 888210 | U238: =VLOOKUP(T238,$F$20:$G$22,2,1) -> C | AA238: Григорьева Надежда Денисовна | AB238: 0.014564937 | AC238: B | AD238: X | AE238: 243283
